MAG,GTDBTax,Comp,Cont,TotBP,NumContigs
AalE_18-Q3-R2-46_BAT3C.1_cln.fa,d__Bacteria;p__Dependentiae;c__Babeliae;o__Babeliales;f__RVW-14;g__;s__,87.64,0,1451127,1
AalE_18-Q3-R2-46_BAT3C.116.fa,d__Bacteria;p__Proteobacteria;c__Gammaproteobacteria;o__Burkholderiales;f__Burkholderiaceae;g__Rhodoferax;s__,98.91,0.47,4141536,8
AalE_18-Q3-R2-46_BAT3C.189.fa,d__Bacteria;p__Bacteroidota;c__Bacteroidia;o__Flavobacteriales;f__PHOS-HE28;g__PHOS-HE28;s__,95.07,0.27,3924042,36
AalE_18-Q3-R2-46_BAT3C.204.fa,d__Bacteria;p__Campylobacterota;c__Campylobacteria;o__Campylobacterales;f__Arcobacteraceae;g__Aliarcobacter;s__Aliarcobacter cryaerophilus_A,98.17,2.24,1886931,27
AalE_18-Q3-R2-46_BAT3C.211.fa,d__Bacteria;p__Proteobacteria;c__Gammaproteobacteria;o__Burkholderiales;f__Rhodocyclaceae;g__Dechloromonas;s__,90.84,4.74,3578532,15
AalE_18-Q3-R2-46_BAT3C.320.fa,d__Bacteria;p__Proteobacteria;c__Gammaproteobacteria;o__Pseudomonadales;f__UBA5518;g__UBA5518;s__UBA5518 sp002396625,95.82,2.04,4595504,9
AalE_18-Q3-R2-46_BAT3C.357.fa,d__Bacteria;p__Proteobacteria;c__Gammaproteobacteria;o__Steroidobacterales;f__Steroidobacteraceae;g__;s__,95.73,4.03,4025682,34
AalE_18-Q3-R2-46_BATAC.155.fa,d__Bacteria;p__Acidobacteriota;c__Blastocatellia;o__UBA7656;f__;g__;s__,94.02,3.42,5570566,39
AalE_18-Q3-R2-46_BATAC.180.fa,d__Bacteria;p__Bacteroidota;c__Bacteroidia;o__Bacteroidales;f__Prolixibacteraceae;g__Draconibacterium;s__,90.99,3.23,5714919,81
AalE_18-Q3-R2-46_BATAC.251.fa,d__Bacteria;p__Chloroflexota;c__Anaerolineae;o__Promineofilales;f__Promineofilaceae;g__GCA-2746795;s__,92.01,1.82,5709216,7
AalE_18-Q3-R2-46_BATAC.579.fa,d__Bacteria;p__Bacteroidota;c__Bacteroidia;o__Chitinophagales;f__;g__;s__,94.58,0.99,3302134,37
AalE_18-Q3-R2-46_MAXAC.018.fa,d__Bacteria;p__Proteobacteria;c__Gammaproteobacteria;o__Burkholderiales;f__Burkholderiaceae;g__Polaromonas;s__,98.4,2.04,2759370,9
AalE_18-Q3-R2-46_MAXAC.025.fa,d__Bacteria;p__Bacteroidota;c__Bacteroidia;o__Bacteroidales;f__Lentimicrobiaceae;g__Lentimicrobium;s__,97.31,3.23,5127966,46
AalE_18-Q3-R2-46_MAXAC.086.fa,d__Bacteria;p__Proteobacteria;c__Gammaproteobacteria;o__Burkholderiales;f__Palsa-1005;g__;s__,91.08,0.95,4175888,77
AalE_18-Q3-R2-46_MAXAC.104.fa,d__Bacteria;p__Proteobacteria;c__Alphaproteobacteria;o__Sphingomonadales;f__Sphingomonadaceae;g__Sphingopyxis;s__,97.99,1.76,4063871,22
AalW_18-Q3-R10-53_BAT3C.245.fa,d__Bacteria;p__Proteobacteria;c__Gammaproteobacteria;o__Steroidobacterales;f__Steroidobacteraceae;g__;s__,95.95,4.51,3951671,22
AalW_18-Q3-R10-53_BAT3C.395.fa,d__Bacteria;p__Patescibacteria;c__Paceibacteria;o__UBA9983_A;f__UBA9973;g__;s__,79.59,0,808221,1
AalW_18-Q3-R10-53_BAT3C.524.fa,d__Bacteria;p__Actinobacteriota;c__Actinobacteria;o__Actinomycetales;f__Dermatophilaceae;g__GCA-2748155;s__,95.36,0.81,3605160,5
AalW_18-Q3-R10-53_BATAC.157.fa,d__Bacteria;p__Proteobacteria;c__Gammaproteobacteria;o__Burkholderiales;f__Burkholderiaceae;g__Rubrivivax;s__,91.97,2.53,4436871,27
AalW_18-Q3-R10-53_BATAC.16.fa,d__Bacteria;p__Bacteroidota;c__Bacteroidia;o__Flavobacteriales;f__PHOS-HE28;g__PHOS-HE28;s__,100,0,4355594,7
AalW_18-Q3-R10-53_BATAC.174.fa,d__Bacteria;p__Proteobacteria;c__Alphaproteobacteria;o__Rhodobacterales;f__Rhodobacteraceae;g__Rhodobacter_E;s__,95.24,0.61,4362972,39
AalW_18-Q3-R10-53_BATAC.245.fa,d__Bacteria;p__Proteobacteria;c__Alphaproteobacteria;o__Sphingomonadales;f__Sphingomonadaceae;g__UBA1936;s__,99.35,0.43,3545835,11
AalW_18-Q3-R10-53_BATAC.281.fa,d__Bacteria;p__Gemmatimonadota;c__Gemmatimonadetes;o__Gemmatimonadales;f__Gemmatimonadaceae;g__SCN-70-22;s__,94.74,0,6108737,22
AalW_18-Q3-R10-53_BATAC.339.fa,d__Bacteria;p__Bacteroidota;c__Bacteroidia;o__Chitinophagales;f__UBA10324;g__;s__,90.64,1.01,4921780,12
AalW_18-Q3-R10-53_BATAC.340.fa,d__Bacteria;p__Bacteroidota;c__Ignavibacteria;o__SJA-28;f__B-1AR;g__;s__,95.08,2.51,4581485,39
AalW_18-Q3-R10-53_BATAC.388.fa,d__Bacteria;p__Myxococcota;c__Polyangia;o__Polyangiales;f__Polyangiaceae;g__;s__,92.01,3.94,10084970,87
AalW_18-Q3-R10-53_BATAC.41.fa,d__Bacteria;p__Gemmatimonadota;c__Gemmatimonadetes;o__Gemmatimonadales;f__GWC2-71-9;g__Palsa-1233;s__,96.7,1.1,3401354,13
AalW_18-Q3-R10-53_BATAC.498.fa,d__Bacteria;p__Proteobacteria;c__Gammaproteobacteria;o__Pseudomonadales;f__Halieaceae;g__Halioglobus;s__,93.36,2.48,5375741,66
AalW_18-Q3-R10-53_BATAC.909.fa,d__Bacteria;p__Proteobacteria;c__Gammaproteobacteria;o__Burkholderiales;f__Rhodocyclaceae;g__Fen-999;s__,96.04,0.27,3579756,7
AalW_18-Q3-R10-53_MAXAC.144.fa,d__Bacteria;p__Acidobacteriota;c__Blastocatellia;o__Pyrinomonadales;f__Pyrinomonadaceae;g__OLB17;s__,94.02,2.56,5079012,30
AalW_18-Q3-R10-53_MAXAC.171.fa,d__Bacteria;p__Proteobacteria;c__Gammaproteobacteria;o__Burkholderiales;f__Burkholderiaceae;g__Rhodoferax;s__,98.86,3.9,6081658,61
AalW_18-Q3-R10-53_MAXAC.296.fa,d__Bacteria;p__Proteobacteria;c__Gammaproteobacteria;o__Steroidobacterales;f__Steroidobacteraceae;g__UBA964;s__,92.49,2.49,3933608,31
AalW_18-Q3-R10-53_MAXAC.302.fa,d__Bacteria;p__Coprothermobacterota;c__Coprothermobacteria;o__Coprothermobacterales;f__Coprothermobacteraceae;g__Coprothermobacter;s__Coprothermobacter proteolyticus,93.8,0,1405357,55
AalW_18-Q3-R10-53_MAXAC.389.fa,d__Bacteria;p__Proteobacteria;c__Gammaproteobacteria;o__Burkholderiales;f__Nitrosomonadaceae;g__Nitrosomonas;s__,98.56,1.98,2750057,7
AalW_18-Q3-R10-53_MAXAC.392.fa,d__Bacteria;p__Bacteroidota;c__Bacteroidia;o__Chitinophagales;f__Saprospiraceae;g__;s__,96.04,1.9,4982023,47
AalW_18-Q3-R10-53_MAXAC.393.fa,d__Bacteria;p__Proteobacteria;c__Gammaproteobacteria;o__Burkholderiales;f__Rhodocyclaceae;g__UTPRO2;s__,96.31,4.21,3723500,35
Aved_18-Q3-R54-62_BAT3C.16_uni.fa,d__Bacteria;p__Patescibacteria;c__Saccharimonadia;o__UBA4664;f__UBA4664;g__UBA5169;s__,65.23,0,1322297,1
Aved_18-Q3-R54-62_BAT3C.210.fa,d__Bacteria;p__Dependentiae;c__Babeliae;o__Babeliales;f__Vermiphilaceae;g__;s__,85.39,0,1089574,1
Aved_18-Q3-R54-62_BAT3C.309.fa,d__Bacteria;p__Proteobacteria;c__Gammaproteobacteria;o__Burkholderiales;f__Rhodocyclaceae;g__Zoogloea;s__,98.96,1.3,4987483,10
Aved_18-Q3-R54-62_BAT3C.344.fa,d__Bacteria;p__Patescibacteria;c__Gracilibacteria;o__UBA1369;f__2-02-FULL-48-14;g__2-02-FULL-48-14;s__,80.69,0,1338973,1
Aved_18-Q3-R54-62_BAT3C.394.fa,d__Bacteria;p__Proteobacteria;c__Gammaproteobacteria;o__Burkholderiales;f__Burkholderiaceae;g__PHCI01;s__,97.87,0.95,4788042,20
Aved_18-Q3-R54-62_BAT3C.518.fa,d__Bacteria;p__Chloroflexota;c__Anaerolineae;o__Anaerolineales;f__envOPS12;g__OLB14;s__,93.64,1.82,4437855,26
Aved_18-Q3-R54-62_BAT3C.540.fa,d__Bacteria;p__Myxococcota;c__UBA727;o__;f__;g__;s__,95.48,4.84,9757120,2
Aved_18-Q3-R54-62_BAT3C.633.fa,d__Bacteria;p__Actinobacteriota;c__Acidimicrobiia;o__Microtrichales;f__Microtrichaceae;g__UBA11034;s__,93.16,1.28,4209001,34
Aved_18-Q3-R54-62_BAT3C.689.fa,d__Bacteria;p__Chloroflexota;c__Dehalococcoidia;o__UBA2991;f__UBA2991;g__;s__,93.56,0.99,3490229,21
Aved_18-Q3-R54-62_BATAC.150.fa,d__Bacteria;p__Myxococcota;c__Polyangia;o__Polyangiales;f__Polyangiaceae;g__;s__,90.48,3.25,9023203,31
Aved_18-Q3-R54-62_BATAC.292.fa,d__Bacteria;p__Proteobacteria;c__Alphaproteobacteria;o__Caulobacterales;f__Hyphomonadaceae;g__SWB02;s__,92.39,1.41,3647907,36
Aved_18-Q3-R54-62_BATAC.321_sub.fa,d__Bacteria;p__Proteobacteria;c__Gammaproteobacteria;o__Burkholderiales;f__Burkholderiaceae;g__;s__,95.16,0.62,5645544,76
Aved_18-Q3-R54-62_BATAC.358_cln.fa,d__Bacteria;p__Cyanobacteria;c__Vampirovibrionia;o__Obscuribacterales;f__;g__;s__,97.44,2.28,5037910,1
Aved_18-Q3-R54-62_BATAC.392.fa,d__Bacteria;p__Krumholzibacteriota;c__Krumholzibacteria;o__LZORAL124-64-63;f__LZORAL124-64-63;g__;s__,97.8,0,4776410,21
Aved_18-Q3-R54-62_BATAC.500.fa,d__Bacteria;p__Proteobacteria;c__Gammaproteobacteria;o__Xanthomonadales;f__Ahniellaceae;g__0-14-3-00-62-12;s__,98.36,2.49,4358088,10
Aved_18-Q3-R54-62_BATAC.560.fa,d__Bacteria;p__Proteobacteria;c__Gammaproteobacteria;o__Burkholderiales;f__Burkholderiaceae;g__Ottowia;s__,97.76,1.47,4006449,5
Aved_18-Q3-R54-62_BATAC.570.fa,d__Bacteria;p__Proteobacteria;c__Gammaproteobacteria;o__Burkholderiales;f__Hydrogenophilaceae;g__UBA3361;s__,91.65,0.26,3809948,15
Aved_18-Q3-R54-62_BATAC.616.fa,d__Bacteria;p__Actinobacteriota;c__Actinobacteria;o__Nanopelagicales;f__GCA-2699445;g__;s__,94.56,0.76,3254103,17
Aved_18-Q3-R54-62_BATAC.626.fa,d__Bacteria;p__Bacteroidota;c__Bacteroidia;o__Flavobacteriales;f__PHOS-HE28;g__PHOS-HE28;s__,97.94,0.54,4870956,23
Aved_18-Q3-R54-62_BATAC.765.fa,d__Bacteria;p__AABM5-125-24;c__;o__;f__;g__;s__,96.09,0,3088792,9
Aved_18-Q3-R54-62_BATAC.767.fa,d__Bacteria;p__Chloroflexota;c__Anaerolineae;o__Ardenticatenales;f__;g__;s__,94.95,2.14,4347427,5
Aved_18-Q3-R54-62_BATAC.823_sub.fa,d__Bacteria;p__Bacteroidota;c__Bacteroidia;o__Flavobacteriales;f__PHOS-HE28;g__PHOS-HE28;s__,95.84,1.79,4155192,35
Aved_18-Q3-R54-62_BATAC.843.fa,d__Bacteria;p__Gemmatimonadota;c__Gemmatimonadetes;o__Gemmatimonadales;f__GWC2-71-9;g__;s__,98.9,2.38,4961593,28
Aved_18-Q3-R54-62_MAXAC.105.fa,d__Bacteria;p__Bacteroidota;c__Bacteroidia;o__Chitinophagales;f__Chitinophagaceae;g__JJ008;s__,96.06,0.74,4663951,12
Aved_18-Q3-R54-62_MAXAC.142.fa,d__Bacteria;p__Bacteroidota;c__Bacteroidia;o__AKYH767;f__b-17BO;g__;s__,97.04,4.03,4522176,36
Aved_18-Q3-R54-62_MAXAC.186.fa,d__Bacteria;p__Proteobacteria;c__Gammaproteobacteria;o__Burkholderiales;f__Burkholderiaceae;g__Ideonella_A;s__,95.91,3.89,5086733,43
Aved_18-Q3-R54-62_MAXAC.228_sub.fa,d__Bacteria;p__Bacteroidota;c__Bacteroidia;o__Flavobacteriales;f__PHOS-HE28;g__PHOS-HE28;s__,95.7,1.88,3979298,56
Aved_18-Q3-R54-62_MAXAC.235.fa,d__Bacteria;p__Proteobacteria;c__Gammaproteobacteria;o__Burkholderiales;f__Burkholderiaceae;g__;s__,98.1,1.46,5965215,24
Aved_18-Q3-R54-62_MAXAC.289.fa,d__Bacteria;p__Myxococcota;c__Polyangia;o__GCA-2747355;f__GCA-2747355;g__;s__,94.39,3.87,5135008,52
Aved_18-Q3-R54-62_MAXAC.290.fa,d__Bacteria;p__Actinobacteriota;c__Acidimicrobiia;o__Microtrichales;f__UBA8139;g__;s__,90.6,0.85,3923940,31
Aved_18-Q3-R54-62_MAXAC.293.fa,d__Bacteria;p__Proteobacteria;c__Gammaproteobacteria;o__Burkholderiales;f__Burkholderiaceae;g__Ottowia;s__,97.96,0.47,3773590,9
Aved_18-Q3-R54-62_MAXAC.378.fa,d__Bacteria;p__Actinobacteriota;c__Actinobacteria;o__Actinomycetales;f__Dermatophilaceae;g__Tetrasphaera_A;s__,98.36,3.01,4137894,31
Aved_18-Q3-R54-62_MAXAC.392.fa,d__Bacteria;p__Proteobacteria;c__Alphaproteobacteria;o__Micavibrionales;f__Micavibrionaceae;g__;s__,94.57,1.59,2838944,2
Aved_18-Q3-R54-62_MAXAC.397_sub.fa,d__Bacteria;p__Myxococcota;c__Polyangia;o__Nannocystales;f__Nannocystaceae;g__Ga0077550;s__,95.61,1.13,9612643,12
Aved_18-Q3-R54-62_MAXAC.403.fa,d__Bacteria;p__Proteobacteria;c__Gammaproteobacteria;o__Burkholderiales;f__Rhodocyclaceae;g__;s__,96.18,0.49,4117193,22
Aved_18-Q3-R54-62_MAXAC.418.fa,d__Bacteria;p__AABM5-125-24;c__;o__;f__;g__;s__,98.9,0,3383257,17
Aved_18-Q3-R54-62_MAXAC.426.fa,d__Bacteria;p__Bacteroidota;c__Ignavibacteria;o__Ignavibacteriales;f__Ignavibacteriaceae;g__;s__,95.51,2.35,4007487,14
Aved_18-Q3-R54-62_MAXAC.457.fa,d__Bacteria;p__Planctomycetota;c__UBA1135;o__;f__;g__;s__,93.18,0,5892551,24
Bjer_18-Q3-R1-45_BAT3C.178.fa,d__Bacteria;p__Bacteroidota;c__Bacteroidia;o__Bacteroidales;f__DTU049;g__DTU049;s__DTU049 sp001512885,92.86,2.78,2219840,13
Bjer_18-Q3-R1-45_BAT3C.201_fly.fa,d__Bacteria;p__Patescibacteria;c__ABY1;o__SG8-24;f__2-12-FULL-60-25;g__21-14-all-47-17;s__,71.78,0,1082254,1
Bjer_18-Q3-R1-45_BAT3C.220.fa,d__Bacteria;p__Bacteroidota;c__Bacteroidia;o__Bacteroidales;f__Lentimicrobiaceae;g__Lentimicrobium;s__,97.85,4.84,6695176,47
Bjer_18-Q3-R1-45_BAT3C.235.fa,d__Bacteria;p__Proteobacteria;c__Gammaproteobacteria;o__Burkholderiales;f__Nitrosomonadaceae;g__Nitrosomonas;s__,90.73,2.39,3435766,26
Bjer_18-Q3-R1-45_BAT3C.258.fa,d__Bacteria;p__Proteobacteria;c__Gammaproteobacteria;o__Pseudomonadales;f__Porticoccaceae;g__;s__,92.46,2.22,3075447,25
Bjer_18-Q3-R1-45_BAT3C.293.fa,d__Bacteria;p__Bacteroidota;c__Bacteroidia;o__Flavobacteriales;f__Crocinitomicaceae;g__;s__,96.49,0,4021127,22
Bjer_18-Q3-R1-45_BATAC.230.fa,d__Bacteria;p__Proteobacteria;c__Gammaproteobacteria;o__Burkholderiales;f__UKL13-2;g__FEB-7;s__,91.96,0.95,3703824,24
Bjer_18-Q3-R1-45_BATAC.327.fa,d__Bacteria;p__Bacteroidota;c__Bacteroidia;o__Chitinophagales;f__Saprospiraceae;g__;s__,93.61,3.63,6139682,44
Bjer_18-Q3-R1-45_BATAC.331.fa,d__Bacteria;p__Bacteroidota;c__Bacteroidia;o__AKYH767;f__b-17BO;g__UBA4416;s__,90.7,3.25,3869084,43
Bjer_18-Q3-R1-45_BATAC.43.fa,d__Bacteria;p__Bacteroidota;c__Bacteroidia;o__AKYH767-A;f__2013-40CM-41-45;g__;s__,94.6,3.02,4376412,16
Bjer_18-Q3-R1-45_BATAC.444.fa,d__Bacteria;p__Bacteroidota;c__Bacteroidia;o__Chitinophagales;f__Chitinophagaceae;g__JJ008;s__,97.37,0.74,3525934,8
Bjer_18-Q3-R1-45_BATAC.458.fa,d__Bacteria;p__Proteobacteria;c__Gammaproteobacteria;o__Burkholderiales;f__Burkholderiaceae;g__Rhodoferax;s__,94.86,3.2,6086223,40
Bjer_18-Q3-R1-45_MAXAC.014.fa,d__Bacteria;p__Proteobacteria;c__Gammaproteobacteria;o__Burkholderiales;f__Rhodocyclaceae;g__Sulfuritalea;s__,94.79,4.11,3701172,48
Bjer_18-Q3-R1-45_MAXAC.089.fa,d__Bacteria;p__Myxococcota;c__Polyangia;o__Polyangiales;f__Ga0077539;g__;s__,91.15,1.85,8701471,116
Bjer_18-Q3-R1-45_MAXAC.099.fa,d__Bacteria;p__Proteobacteria;c__Gammaproteobacteria;o__Xanthomonadales;f__Ahniellaceae;g__;s__,91.35,1.36,3235493,15
Bjer_18-Q3-R1-45_MAXAC.114.fa,d__Bacteria;p__Spirochaetota;c__Leptospirae;o__Leptospirales;f__Leptospiraceae;g__UBA2033;s__,98.24,1.76,6136773,39
Bjer_18-Q3-R1-45_MAXAC.141.fa,d__Bacteria;p__Proteobacteria;c__Gammaproteobacteria;o__Burkholderiales;f__Burkholderiaceae;g__Rhodoferax;s__,96.31,3.66,4960954,44
Bjer_18-Q3-R1-45_MAXAC.214.fa,d__Bacteria;p__Bacteroidota;c__Bacteroidia;o__Chitinophagales;f__Saprospiraceae;g__UBA2365;s__,96.25,3.71,4406903,16
Bjer_18-Q3-R1-45_MAXAC.222.fa,d__Bacteria;p__Bacteroidota;c__Bacteroidia;o__Chitinophagales;f__Chitinophagaceae;g__Niabella;s__,93.85,2.06,4083520,10
Bjer_18-Q3-R1-45_MAXAC.225.fa,d__Bacteria;p__Zixibacteria;c__MSB-5A5;o__;f__;g__;s__,99.94,4.95,3872506,25
Bjer_18-Q3-R1-45_MAXAC.250.fa,d__Bacteria;p__Bacteroidota;c__Ignavibacteria;o__Ignavibacteriales;f__Melioribacteraceae;g__GCA-2746605;s__,97.77,2.79,4621792,13
Damh_18-Q3-R51-60_BAT3C.266.fa,d__Bacteria;p__Bacteroidota;c__Bacteroidia;o__Flavobacteriales;f__Crocinitomicaceae;g__;s__,100,0,4252051,6
Damh_18-Q3-R51-60_BAT3C.63_uni.fa,d__Bacteria;p__Patescibacteria;c__Microgenomatia;o__UBA1406;f__GWC2-37-13;g__;s__,69.42,1.12,928688,1
Damh_18-Q3-R51-60_BATAC.247.fa,d__Bacteria;p__Proteobacteria;c__Gammaproteobacteria;o__Burkholderiales;f__Rhodocyclaceae;g__UTPRO2;s__,95.13,1.63,3064694,10
Damh_18-Q3-R51-60_BATAC.282.fa,d__Bacteria;p__Zixibacteria;c__MSB-5A5;o__GN15;f__FEB-12;g__FEB-12;s__,96.15,4.4,3805089,6
Damh_18-Q3-R51-60_BATAC.316.fa,d__Bacteria;p__Proteobacteria;c__Alphaproteobacteria;o__Sphingomonadales;f__Sphingomonadaceae;g__Ga0077559;s__,96.52,0.56,3004743,11
Damh_18-Q3-R51-60_BATAC.454.fa,d__Bacteria;p__Myxococcota;c__Polyangia;o__Haliangiales;f__Haliangiaceae;g__UBA2376;s__,97.72,2.76,9739973,39
Damh_18-Q3-R51-60_MAXAC.084.fa,d__Bacteria;p__Bacteroidota;c__Bacteroidia;o__Bacteroidales;f__Lentimicrobiaceae;g__UBA4417;s__,95.7,2.42,5142367,61
Damh_18-Q3-R51-60_MAXAC.107.fa,d__Bacteria;p__Bacteroidota;c__Bacteroidia;o__Bacteroidales;f__Lentimicrobiaceae;g__UBA4417;s__,94.89,1.88,5092718,57
Damh_18-Q3-R51-60_MAXAC.126_sub.fa,d__Bacteria;p__Bacteroidota;c__Bacteroidia;o__AKYH767;f__2-12-FULL-35-15;g__;s__,91.48,2.65,3279882,56
Damh_18-Q3-R51-60_MAXAC.235_fly.fa,d__Bacteria;p__Patescibacteria;c__Paceibacteria;o__UBA9983_A;f__UBA2163;g__1-14-0-10-47-16;s__,61.23,1.71,1054716,1
Ega_18-Q3-R5-49_BAT3C.159.fa,d__Bacteria;p__Chloroflexota;c__Anaerolineae;o__Promineofilales;f__Promineofilaceae;g__Promineofilum;s__,90,4.55,5044159,26
Ega_18-Q3-R5-49_BAT3C.193.fa,d__Bacteria;p__Bacteroidota;c__Ignavibacteria;o__Ignavibacteriales;f__Ignavibacteriaceae;g__Ignavibacterium;s__,95.53,0.56,3928197,13
Ega_18-Q3-R5-49_BAT3C.216.fa,d__Bacteria;p__Proteobacteria;c__Gammaproteobacteria;o__Xanthomonadales;f__Rhodanobacteraceae;g__Dokdonella;s__,98.59,1.15,3537739,3
Ega_18-Q3-R5-49_BATAC.118.fa,d__Bacteria;p__Bacteroidota;c__UBA10030;o__UBA10030;f__UBA6906;g__;s__,95.63,3.83,5196947,21
Ega_18-Q3-R5-49_BATAC.204.fa,d__Bacteria;p__Proteobacteria;c__Gammaproteobacteria;o__Burkholderiales;f__Rhodocyclaceae;g__;s__,96.27,2.01,5107739,28
Ega_18-Q3-R5-49_BATAC.212.fa,d__Bacteria;p__Proteobacteria;c__Gammaproteobacteria;o__Burkholderiales;f__Burkholderiaceae;g__Rubrivivax;s__,96.72,0.76,5180334,22
Ega_18-Q3-R5-49_BATAC.239.fa,d__Bacteria;p__Proteobacteria;c__Gammaproteobacteria;o__Steroidobacterales;f__Steroidobacteraceae;g__;s__,93.99,1.63,3347152,19
Ega_18-Q3-R5-49_BATAC.545.fa,d__Bacteria;p__Bacteroidota;c__Bacteroidia;o__Chitinophagales;f__Saprospiraceae;g__Haliscomenobacter;s__,93.69,2.02,4952893,24
Ega_18-Q3-R5-49_BATAC.76.fa,d__Bacteria;p__Bacteroidota;c__Ignavibacteria;o__Ignavibacteriales;f__Ignavibacteriaceae_A;g__UTCHB3;s__,96.65,0.56,3755673,14
Ega_18-Q3-R5-49_MAXAC.001.fa,d__Bacteria;p__Actinobacteriota;c__Actinobacteria;o__Actinomycetales;f__Dermatophilaceae;g__GCA-2748155;s__,97.52,1.35,3909549,21
Ega_18-Q3-R5-49_MAXAC.038.fa,d__Bacteria;p__Proteobacteria;c__Gammaproteobacteria;o__Burkholderiales;f__Nitrosomonadaceae;g__Nitrosomonas;s__Nitrosomonas oligotropha,98.56,2.95,3712819,36
Ega_18-Q3-R5-49_MAXAC.056.fa,d__Bacteria;p__Bacteroidota;c__Ignavibacteria;o__Ignavibacteriales;f__Ignavibacteriaceae;g__Ignavibacterium;s__,95.53,2.23,4280636,30
Ega_18-Q3-R5-49_MAXAC.062.fa,d__Bacteria;p__Proteobacteria;c__Gammaproteobacteria;o__Burkholderiales;f__Burkholderiaceae;g__Rhodoferax;s__,98.01,4.13,4340715,32
Ega_18-Q3-R5-49_MAXAC.112v2.fa,d__Bacteria;p__Planctomycetota;c__Brocadiae;o__Brocadiales;f__Brocadiaceae;g__Brocadia;s__Brocadia sapporoensis,97.53,1.65,3260747,1
Ega_18-Q3-R5-49_MAXAC.254.fa,d__Bacteria;p__OLB16;c__OLB16;o__OLB16;f__OLB16;g__OLB16;s__OLB16 sp001567115,91.77,1.08,4287934,28
Ejby_18-Q3-R6-50_BAT3C.119.fa,d__Bacteria;p__Bacteroidota;c__Kapabacteria;o__Kapabacteriales;f__Kapabacteriaceae;g__UBA10438;s__UBA10438 sp002426145,96.99,0.55,3502098,5
Ejby_18-Q3-R6-50_BAT3C.200.fa,d__Bacteria;p__Bacteroidota;c__Bacteroidia;o__Chitinophagales;f__BACL12;g__UBA7236;s__UBA7236 sp002473275,98.28,0.49,4804539,3
Ejby_18-Q3-R6-50_BAT3C.246.fa,d__Bacteria;p__Krumholzibacteriota;c__Krumholzibacteria;o__LZORAL124-64-63;f__LZORAL124-64-63;g__;s__,91.76,1.1,3368937,51
Ejby_18-Q3-R6-50_BAT3C.384.fa,d__Bacteria;p__Bacteroidota;c__Bacteroidia;o__Bacteroidales;f__vadinHA17;g__SR-FBR-E99;s__,95.24,2.38,3136521,20
Ejby_18-Q3-R6-50_BATAC.240.fa,d__Bacteria;p__Bacteroidota;c__Bacteroidia;o__Chitinophagales;f__Saprospiraceae;g__OLB8;s__OLB8 sp001567405,97.03,2.48,3960261,18
Ejby_18-Q3-R6-50_BATAC.260.fa,d__Bacteria;p__Myxococcota;c__Polyangia;o__Polyangiales;f__SG8-38;g__;s__,95.27,2.76,7855595,60
Ejby_18-Q3-R6-50_BATAC.262.fa,d__Bacteria;p__Proteobacteria;c__Gammaproteobacteria;o__Burkholderiales;f__Rhodocyclaceae;g__Sulfuritalea;s__,90.18,3.59,4924366,87
Ejby_18-Q3-R6-50_BATAC.314.fa,d__Bacteria;p__Bacteroidota;c__Bacteroidia;o__Chitinophagales;f__Chitinophagaceae;g__OLB11;s__,92.61,1.48,3764867,12
Ejby_18-Q3-R6-50_BATAC.337.fa,d__Bacteria;p__Proteobacteria;c__Gammaproteobacteria;o__Burkholderiales;f__Burkholderiaceae;g__Piscinibacter;s__,97.4,2.1,5257475,15
Ejby_18-Q3-R6-50_BATAC.353.fa,d__Bacteria;p__Myxococcota;c__Polyangia;o__Haliangiales;f__Haliangiaceae;g__;s__,90.79,1.31,8558619,84
Ejby_18-Q3-R6-50_BATAC.463.fa,d__Bacteria;p__Bacteroidota;c__Bacteroidia;o__Chitinophagales;f__Saprospiraceae;g__UBA3362;s__,97.77,0,4024898,7
Ejby_18-Q3-R6-50_MAXAC.192.fa,d__Bacteria;p__Elusimicrobiota;c__Elusimicrobia;o__F11;f__FEN-1173;g__;s__,97.75,0,2622925,3
Ejby_18-Q3-R6-50_MAXAC.200_cln.fa,d__Bacteria;p__Proteobacteria;c__Alphaproteobacteria;o__Micavibrionales;f__;g__;s__,80.79,1.67,2060775,1
Ejby_18-Q3-R6-50_MAXAC.201.fa,d__Bacteria;p__Bacteroidota;c__Bacteroidia;o__Chitinophagales;f__UBA2359;g__;s__,98.36,1.48,4277870,5
Ejby_18-Q3-R6-50_MAXAC.240.fa,d__Bacteria;p__Bacteroidota;c__Bacteroidia;o__Chitinophagales;f__Saprospiraceae;g__;s__,91.57,1.75,4899191,27
EsbE_18-Q3-R3-47_BAT3C.110.fa,d__Bacteria;p__Desulfobacterota;c__Syntrophia;o__Syntrophales;f__UBA2192;g__;s__,91.25,4.12,3179548,21
EsbE_18-Q3-R3-47_BAT3C.140.fa,d__Archaea;p__Halobacterota;c__Methanosarcinia;o__Methanotrichales;f__Methanotrichaceae;g__Methanothrix;s__,96.73,0.65,2501102,3
EsbE_18-Q3-R3-47_BAT3C.144.fa,d__Bacteria;p__Acidobacteriota;c__Blastocatellia;o__Pyrinomonadales;f__Pyrinomonadaceae;g__OLB17;s__,96.58,2.75,3369823,5
EsbE_18-Q3-R3-47_BAT3C.161.fa,d__Bacteria;p__Bacteroidota;c__Bacteroidia;o__Chitinophagales;f__BACL12;g__UBA7236;s__,98.03,3.57,5142260,30
EsbE_18-Q3-R3-47_BAT3C.181.fa,d__Bacteria;p__Myxococcota;c__Polyangia;o__Polyangiales;f__Polyangiaceae;g__;s__,94.62,3.87,9628654,25
EsbE_18-Q3-R3-47_BAT3C.210.fa,d__Bacteria;p__Bacteroidota;c__Bacteroidia;o__Bacteroidales;f__vadinHA17;g__LD21;s__,94.6,2.57,3454701,25
EsbE_18-Q3-R3-47_BAT3C.270.fa,d__Archaea;p__Halobacterota;c__Methanomicrobia;o__Methanomicrobiales;f__Methanoregulaceae;g__UBA9949;s__,97.06,0,1951030,1
EsbE_18-Q3-R3-47_BATAC.289.fa,d__Bacteria;p__Bacteroidota;c__Bacteroidia;o__Chitinophagales;f__Chitinophagaceae;g__JJ008;s__,96.31,2.46,3971089,19
EsbE_18-Q3-R3-47_BATAC.451.fa,d__Bacteria;p__Bacteroidota;c__Bacteroidia;o__Flavobacteriales;f__PHOS-HE28;g__PHOS-HE28;s__,96.95,1.08,4079593,18
EsbE_18-Q3-R3-47_MAXAC.059.fa,d__Bacteria;p__Proteobacteria;c__Gammaproteobacteria;o__Burkholderiales;f__Rhodocyclaceae;g__Propionivibrio;s__Propionivibrio aalborgensis,93.62,2.82,3354719,56
EsbE_18-Q3-R3-47_MAXAC.117_sub.fa,d__Bacteria;p__Bacteroidota;c__Bacteroidia;o__AKYH767;f__b-17BO;g__;s__,98.49,1.11,3673139,18
EsbE_18-Q3-R3-47_MAXAC.131.fa,d__Bacteria;p__Proteobacteria;c__Gammaproteobacteria;o__Burkholderiales;f__Rhodocyclaceae;g__Propionivibrio;s__,97.31,1.26,3458321,17
EsbE_18-Q3-R3-47_MAXAC.169.fa,d__Bacteria;p__Bacteroidota;c__Bacteroidia;o__Chitinophagales;f__Saprospiraceae;g__UBA3362;s__,98.02,0.5,3504761,3
EsbE_18-Q3-R3-47_MAXAC.191.fa,d__Bacteria;p__Bacteroidota;c__Bacteroidia;o__Chitinophagales;f__Chitinophagaceae;g__Ferruginibacter;s__,98.28,0.74,4000215,13
EsbW_18-Q3-R4-48_BAT3C.113.fa,d__Bacteria;p__Eisenbacteria;c__RBG-16-71-46;o__RBG-16-71-46;f__RBG-16-71-46;g__;s__,93.41,2.2,4382438,52
EsbW_18-Q3-R4-48_BAT3C.13.fa,d__Bacteria;p__Proteobacteria;c__Gammaproteobacteria;o__Burkholderiales;f__Nitrosomonadaceae;g__Nitrosomonas;s__,96.86,0.96,2830071,7
EsbW_18-Q3-R4-48_BAT3C.148.fa,d__Bacteria;p__Bacteroidota;c__Bacteroidia;o__Chitinophagales;f__Saprospiraceae;g__;s__,92.92,2.72,4453041,24
EsbW_18-Q3-R4-48_BAT3C.194.fa,d__Bacteria;p__Acidobacteriota;c__Blastocatellia;o__Pyrinomonadales;f__;g__;s__,92.08,1.71,5949241,45
EsbW_18-Q3-R4-48_BAT3C.207.fa,d__Bacteria;p__Proteobacteria;c__Gammaproteobacteria;o__Burkholderiales;f__Burkholderiaceae;g__Vitreoscilla_A;s__,97.67,1.25,5531576,16
EsbW_18-Q3-R4-48_BAT3C.222.fa,d__Bacteria;p__Bacteroidota;c__Bacteroidia;o__Chitinophagales;f__Saprospiraceae;g__;s__,96.74,0.5,5276914,6
EsbW_18-Q3-R4-48_BAT3C.247.fa,d__Bacteria;p__Bacteroidota;c__Bacteroidia;o__Flavobacteriales;f__PHOS-HE28;g__PHOS-HE28;s__,100,0.54,4011999,9
EsbW_18-Q3-R4-48_BAT3C.275.fa,d__Bacteria;p__Proteobacteria;c__Gammaproteobacteria;o__Burkholderiales;f__Rhodocyclaceae;g__Dechloromonas;s__,97.88,0.14,4174266,6
EsbW_18-Q3-R4-48_BAT3C.307.fa,d__Bacteria;p__Bacteroidota;c__Bacteroidia;o__Bacteroidales;f__vadinHA17;g__LD21;s__,99.52,1.9,4481807,6
EsbW_18-Q3-R4-48_BAT3C.4_cln.fa,d__Bacteria;p__Acidobacteriota;c__Thermoanaerobaculia;o__UBA5704;f__;g__;s__,96.1,1.99,5224191,1
EsbW_18-Q3-R4-48_BAT3C.505.fa,d__Bacteria;p__Planctomycetota;c__UBA1135;o__UBA1135;f__GCA-002686595;g__;s__,97.31,2.15,5118896,24
EsbW_18-Q3-R4-48_BAT3C.7.fa,d__Bacteria;p__Bacteroidota;c__Bacteroidia;o__Cytophagales;f__Cyclobacteriaceae;g__ELB16-189;s__,90.82,3.92,5099775,65
EsbW_18-Q3-R4-48_BATAC.168.fa,d__Bacteria;p__Bacteroidota;c__Ignavibacteria;o__Ignavibacteriales;f__Ignavibacteriaceae;g__Ignavibacterium;s__,97.21,3.91,4337376,16
EsbW_18-Q3-R4-48_BATAC.26.fa,d__Bacteria;p__Bacteroidota;c__Bacteroidia;o__AKYH767-A;f__OLB10;g__;s__,96.17,3.02,4378188,33
EsbW_18-Q3-R4-48_BATAC.285.fa,d__Bacteria;p__Proteobacteria;c__Gammaproteobacteria;o__Burkholderiales;f__Rhodocyclaceae;g__Accumulibacter;s__,96.67,3.63,5402764,40
EsbW_18-Q3-R4-48_BATAC.303.fa,d__Bacteria;p__Proteobacteria;c__Gammaproteobacteria;o__Burkholderiales;f__UKL13-2;g__FEB-7;s__,96.17,1.9,4931112,30
EsbW_18-Q3-R4-48_BATAC.389.fa,d__Bacteria;p__Bacteroidota;c__Bacteroidia;o__AKYH767;f__b-17BO;g__;s__,93.54,4.21,4156910,27
EsbW_18-Q3-R4-48_BATAC.438.fa,d__Bacteria;p__Myxococcota;c__Polyangia;o__Polyangiales;f__;g__;s__,91.61,4.68,9539105,58
EsbW_18-Q3-R4-48_BATAC.453.fa,d__Bacteria;p__Proteobacteria;c__Gammaproteobacteria;o__Burkholderiales;f__Burkholderiaceae;g__Simplicispira_A;s__,95.43,4.91,4102072,60
EsbW_18-Q3-R4-48_BATAC.463.fa,d__Bacteria;p__Proteobacteria;c__Gammaproteobacteria;o__Burkholderiales;f__Rhodocyclaceae;g__Dechloromonas;s__,96.58,2.24,4450621,54
EsbW_18-Q3-R4-48_BATAC.72.fa,d__Bacteria;p__Planctomycetota;c__Phycisphaerae;o__Phycisphaerales;f__SM1A02;g__;s__,94.32,1.14,4299234,25
EsbW_18-Q3-R4-48_MAXAC.006_sub.fa,d__Bacteria;p__Proteobacteria;c__Gammaproteobacteria;o__Burkholderiales;f__Burkholderiaceae;g__Rubrivivax;s__,98.68,0.7,4958022,25
EsbW_18-Q3-R4-48_MAXAC.017.fa,d__Bacteria;p__Bacteroidota;c__Ignavibacteria;o__SJA-28;f__B-1AR;g__UBA2330;s__,94.15,0.55,4113935,10
EsbW_18-Q3-R4-48_MAXAC.021.fa,d__Bacteria;p__Chloroflexota;c__Anaerolineae;o__Anaerolineales;f__envOPS12;g__OLB14;s__,96.36,2.55,4851661,63
EsbW_18-Q3-R4-48_MAXAC.044.fa,d__Bacteria;p__Proteobacteria;c__Gammaproteobacteria;o__Burkholderiales;f__Rhodocyclaceae;g__Propionivibrio;s__,94,2.35,4421984,67
EsbW_18-Q3-R4-48_MAXAC.058_sub.fa,d__Bacteria;p__Bacteroidota;c__Bacteroidia;o__Chitinophagales;f__Saprospiraceae;g__OLB9;s__,96.78,0.99,6254147,10
EsbW_18-Q3-R4-48_MAXAC.074.fa,d__Bacteria;p__Bacteroidota;c__Bacteroidia;o__Chitinophagales;f__Saprospiraceae;g__UBA3362;s__,99.01,0,4661800,9
EsbW_18-Q3-R4-48_MAXAC.145.fa,d__Bacteria;p__Myxococcota;c__Polyangia;o__Nannocystales;f__Nannocystaceae;g__Nannocystis;s__,91.06,4.19,9083132,42
EsbW_18-Q3-R4-48_MAXAC.167_sub.fa,d__Bacteria;p__Actinobacteriota;c__Actinobacteria;o__Propionibacteriales;f__Propionibacteriaceae;g__Tessaracoccus;s__,98.25,0.79,4393879,20
EsbW_18-Q3-R4-48_MAXAC.200_cln.fa,d__Bacteria;p__Patescibacteria;c__Paceibacteria;o__UBA9983_A;f__UBA9973;g__;s__,80.15,0,705143,1
EsbW_18-Q3-R4-48_MAXAC.252.fa,d__Bacteria;p__Myxococcota;c__Myxococcia;o__Myxococcales;f__Myxococcaceae;g__;s__,92.87,3.62,10134479,48
EsbW_18-Q3-R4-48_MAXAC.267_cln.fa,d__Bacteria;p__Patescibacteria;c__Paceibacteria_A;o__Moranbacterales;f__UBA1568;g__;s__,70.13,0.99,1111322,1
EsbW_18-Q3-R4-48_MAXAC.278_cln.fa,d__Bacteria;p__Patescibacteria;c__Paceibacteria_A;o__Moranbacterales;f__UBA1568;g__;s__,70.79,0.99,1217328,1
EsbW_18-Q3-R4-48_MAXAC.279_cln.fa,d__Bacteria;p__UBA10199;c__UBA10199;o__2-02-FULL-50-16;f__;g__;s__,89.76,0.65,2746553,1
EsbW_18-Q3-R4-48_MAXAC.283_fly_man.fa,d__Bacteria;p__Patescibacteria;c__Paceibacteria;o__UBA9983_A;f__21-14-all-36-13;g__;s__,61.08,0,811376,1
EsbW_18-Q3-R4-48_MAXAC.295.fa,d__Bacteria;p__Bdellovibrionota;c__Bdellovibrionia;o__Bdellovibrionales;f__UBA1609;g__;s__,95.98,1.79,4163051,20
Fred_18-Q3-R57-64_BAT3C.1_cln.fa,d__Bacteria;p__Patescibacteria;c__Gracilibacteria;o__UM-FILTER-43-11;f__;g__;s__,76.84,0,1338661,1
Fred_18-Q3-R57-64_BAT3C.164.fa,d__Bacteria;p__Bacteroidota;c__Bacteroidia;o__Chitinophagales;f__Saprospiraceae;g__;s__,91.33,4.44,5978739,40
Fred_18-Q3-R57-64_BAT3C.169.fa,d__Bacteria;p__Bacteroidota;c__Ignavibacteria;o__Ignavibacteriales;f__Ignavibacteriaceae_A;g__UTCHB3;s__,94.27,1.68,3932431,23
Fred_18-Q3-R57-64_BAT3C.208.fa,d__Bacteria;p__Bacteroidota;c__Bacteroidia;o__Flavobacteriales;f__PHOS-HE28;g__PHOS-HE28;s__,100,0.54,4479215,1
Fred_18-Q3-R57-64_BAT3C.229.fa,d__Bacteria;p__Planctomycetota;c__UBA1135;o__UBA1135;f__GCA-002686595;g__;s__,93.55,3.76,6603389,15
Fred_18-Q3-R57-64_BAT3C.243.fa,d__Bacteria;p__Gemmatimonadota;c__Gemmatimonadetes;o__Gemmatimonadales;f__Gemmatimonadaceae;g__Fen-1231;s__,97.8,2.2,4437635,15
Fred_18-Q3-R57-64_BAT3C.256.fa,d__Bacteria;p__Bacteroidota;c__Bacteroidia;o__AKYH767-A;f__OLB10;g__;s__,90.34,1.27,3919098,15
Fred_18-Q3-R57-64_BAT3C.3.fa,d__Bacteria;p__Bacteroidota;c__Bacteroidia;o__Chitinophagales;f__Saprospiraceae;g__UBA3362;s__,98.51,0.99,3606913,2
Fred_18-Q3-R57-64_BAT3C.305.fa,d__Bacteria;p__Bacteroidota;c__Bacteroidia;o__Chitinophagales;f__Chitinophagaceae;g__Ferruginibacter;s__,92.61,0.49,3615579,10
Fred_18-Q3-R57-64_BAT3C.308.fa,d__Bacteria;p__Bacteroidota;c__Bacteroidia;o__Chitinophagales;f__Saprospiraceae;g__;s__,91.83,2.66,5979863,51
Fred_18-Q3-R57-64_BAT3C.331.fa,d__Bacteria;p__Bacteroidota;c__Bacteroidia;o__Chitinophagales;f__Saprospiraceae;g__UBA3362;s__,98.51,1.02,4496903,3
Fred_18-Q3-R57-64_BAT3C.339.fa,d__Bacteria;p__Bdellovibrionota;c__Bdellovibrionia;o__Bdellovibrionales;f__Bdellovibrionaceae;g__Ga0074137;s__,91.31,0.89,4064481,13
Fred_18-Q3-R57-64_BAT3C.352.fa,d__Bacteria;p__Bacteroidota;c__Bacteroidia;o__Flavobacteriales;f__PHOS-HE28;g__PHOS-HE28;s__,92.2,0,3671123,55
Fred_18-Q3-R57-64_BAT3C.394.fa,d__Bacteria;p__Bacteroidota;c__Bacteroidia;o__AKYH767-A;f__OLB10;g__;s__,97.92,1.35,4637288,8
Fred_18-Q3-R57-64_BAT3C.401.fa,d__Bacteria;p__Bacteroidota;c__Bacteroidia;o__Flavobacteriales;f__PHOS-HE28;g__PHOS-HE28;s__,98.73,0.27,4240755,3
Fred_18-Q3-R57-64_BAT3C.417.fa,d__Bacteria;p__Myxococcota;c__Polyangia;o__Polyangiales;f__;g__;s__,91.72,1.29,4018871,1
Fred_18-Q3-R57-64_BAT3C.431.fa,d__Archaea;p__Iainarchaeota;c__Iainarchaeia;o__;f__;g__;s__,79.13,0.93,1048949,1
Fred_18-Q3-R57-64_BAT3C.445.fa,d__Bacteria;p__Chloroflexota;c__Anaerolineae;o__Promineofilales;f__Promineofilaceae;g__GCA-2699125;s__,94.46,3.64,5432132,12
Fred_18-Q3-R57-64_BAT3C.481.fa,d__Bacteria;p__Patescibacteria;c__Dojkabacteria;o__B142;f__;g__;s__,72.96,0,761814,1
Fred_18-Q3-R57-64_BAT3C.485.fa,d__Bacteria;p__Firmicutes_C;c__Negativicutes;o__Veillonellales;f__Veillonellaceae;g__Veillonella;s__,94.39,1.05,1941840,12
Fred_18-Q3-R57-64_BAT3C.517.fa,d__Bacteria;p__Bacteroidota;c__Bacteroidia;o__AKYH767-A;f__OLB10;g__OLB10;s__,96.65,0.24,3254374,1
Fred_18-Q3-R57-64_BAT3C.606.fa,d__Bacteria;p__Bacteroidota;c__Bacteroidia;o__AKYH767-A;f__2013-40CM-41-45;g__;s__,98.57,1.83,4013867,6
Fred_18-Q3-R57-64_BAT3C.617.fa,d__Bacteria;p__Proteobacteria;c__Gammaproteobacteria;o__Steroidobacterales;f__Steroidobacteraceae;g__;s__,90.88,3.67,4139435,41
Fred_18-Q3-R57-64_BAT3C.662.fa,d__Bacteria;p__Acidobacteriota;c__Acidobacteriae;o__Bryobacterales;f__Bryobacteraceae;g__;s__,95.36,4.4,6847208,43
Fred_18-Q3-R57-64_BAT3C.701.fa,d__Bacteria;p__Myxococcota;c__UBA9160;o__UBA9160;f__UBA4427;g__;s__,93.2,2.62,6380020,25
Fred_18-Q3-R57-64_BAT3C.705.fa,d__Bacteria;p__Acidobacteriota;c__Blastocatellia;o__Pyrinomonadales;f__Pyrinomonadaceae;g__OLB17;s__,95.73,3.04,4128691,5
Fred_18-Q3-R57-64_BAT3C.720.fa,d__Bacteria;p__Proteobacteria;c__Gammaproteobacteria;o__Burkholderiales;f__Rhodocyclaceae;g__Accumulibacter;s__,93.81,0.98,5041483,13
Fred_18-Q3-R57-64_BATAC.17.fa,d__Bacteria;p__Bacteroidota;c__Bacteroidia;o__Chitinophagales;f__UBA8649;g__;s__,91.61,1.97,3474602,43
Fred_18-Q3-R57-64_BATAC.187.fa,d__Bacteria;p__Bdellovibrionota;c__Bdellovibrionia;o__Bdellovibrionales;f__Bdellovibrionaceae;g__;s__,92.51,0,4326809,27
Fred_18-Q3-R57-64_BATAC.232.fa,d__Bacteria;p__Bacteroidota;c__Ignavibacteria;o__Ignavibacteriales;f__Melioribacteraceae;g__GCA-2746605;s__,97.09,0.56,4289469,8
Fred_18-Q3-R57-64_BATAC.269.fa,d__Bacteria;p__FEN-1099;c__FEN-1099;o__;f__;g__;s__,91.79,2.52,8187698,63
Fred_18-Q3-R57-64_BATAC.274.fa,d__Bacteria;p__Bacteroidota;c__Bacteroidia;o__AKYH767-A;f__OLB10;g__;s__,95.94,0.95,5213260,36
Fred_18-Q3-R57-64_BATAC.284.fa,d__Bacteria;p__Proteobacteria;c__Gammaproteobacteria;o__Competibacterales;f__Competibacteraceae;g__Competibacter;s__,96.71,2.05,3732416,2
Fred_18-Q3-R57-64_BATAC.296.fa,d__Bacteria;p__Bacteroidota;c__Bacteroidia;o__AKYH767-A;f__OLB10;g__;s__,91.75,2.4,4226214,27
Fred_18-Q3-R57-64_BATAC.298.fa,d__Bacteria;p__Bacteroidota;c__Kapabacteria;o__Kapabacteriales;f__UBA961;g__UBA2353;s__UBA2353 sp002344005,96.45,2.73,4085563,16
Fred_18-Q3-R57-64_BATAC.299.fa,d__Bacteria;p__Gemmatimonadota;c__Gemmatimonadetes;o__Gemmatimonadales;f__GWC2-71-9;g__;s__,96.7,2.38,5232622,46
Fred_18-Q3-R57-64_BATAC.308.fa,d__Bacteria;p__Myxococcota;c__UBA727;o__;f__;g__;s__,93.39,3.89,7333651,5
Fred_18-Q3-R57-64_BATAC.318.fa,d__Bacteria;p__Acidobacteriota;c__Blastocatellia;o__UBA7656;f__;g__;s__,94.02,4.38,6273563,29
Fred_18-Q3-R57-64_BATAC.349.fa,d__Bacteria;p__Verrucomicrobiota;c__Verrucomicrobiae;o__Pedosphaerales;f__UBA11320;g__;s__,91.38,3.72,6766460,109
Fred_18-Q3-R57-64_BATAC.359.fa,d__Bacteria;p__Chloroflexota;c__Anaerolineae;o__Caldilineales;f__Caldilineaceae;g__;s__,92.09,2.37,6824975,111
Fred_18-Q3-R57-64_BATAC.414.fa,d__Bacteria;p__Bacteroidota;c__Bacteroidia;o__Chitinophagales;f__;g__;s__,96.95,0,2986848,1
Fred_18-Q3-R57-64_BATAC.421.fa,d__Bacteria;p__Chloroflexota;c__Anaerolineae;o__SBR1031;f__A4b;g__OLB15;s__,92.19,1.82,9033822,107
Fred_18-Q3-R57-64_BATAC.422.fa,d__Bacteria;p__Proteobacteria;c__Gammaproteobacteria;o__Burkholderiales;f__Ga0077523;g__Ga0077526;s__,95.72,4.77,5824972,33
Fred_18-Q3-R57-64_BATAC.439.fa,d__Bacteria;p__Bacteroidota;c__Bacteroidia;o__Chitinophagales;f__Saprospiraceae;g__Haliscomenobacter;s__,94.7,2.02,5708227,28
Fred_18-Q3-R57-64_BATAC.459.fa,d__Bacteria;p__Verrucomicrobiota;c__Verrucomicrobiae;o__Verrucomicrobiales;f__Verrucomicrobiaceae;g__Prosthecobacter;s__,98.64,2.15,7128469,5
Fred_18-Q3-R57-64_BATAC.466.fa,d__Bacteria;p__Proteobacteria;c__Alphaproteobacteria;o__Rhizobiales;f__Xanthobacteraceae;g__Ga0077548;s__,92.16,0.63,3031094,9
Fred_18-Q3-R57-64_BATAC.480.fa,d__Bacteria;p__Actinobacteriota;c__Actinobacteria;o__Actinomycetales;f__Kineosporiaceae;g__;s__,98.2,0.27,5670046,11
Fred_18-Q3-R57-64_BATAC.530.fa,d__Bacteria;p__Planctomycetota;c__UBA1135;o__UBA2386;f__UBA2386;g__;s__,94.89,2.27,7949834,31
Fred_18-Q3-R57-64_BATAC.568.fa,d__Bacteria;p__Proteobacteria;c__Gammaproteobacteria;o__Xanthomonadales;f__SZUA-5;g__;s__,97.64,4.1,5596532,23
Fred_18-Q3-R57-64_BATAC.601.fa,d__Bacteria;p__Proteobacteria;c__Alphaproteobacteria;o__Rhizobiales;f__Devosiaceae;g__Devosia;s__,95.02,0.61,4679051,23
Fred_18-Q3-R57-64_BATAC.609.fa,d__Bacteria;p__Proteobacteria;c__Gammaproteobacteria;o__Burkholderiales;f__SG8-39;g__;s__,91.88,3.08,4075793,49
Fred_18-Q3-R57-64_BATAC.644.fa,d__Bacteria;p__Proteobacteria;c__Gammaproteobacteria;o__Pseudomonadales;f__UBA7239;g__UBA7239;s__,97.04,2.78,2490855,3
Fred_18-Q3-R57-64_BATAC.715.fa,d__Bacteria;p__Bacteroidota;c__Bacteroidia;o__Chitinophagales;f__Chitinophagaceae;g__UBA1931;s__,96.04,1.23,4759590,8
Fred_18-Q3-R57-64_BATAC.716.fa,d__Bacteria;p__Verrucomicrobiota;c__Verrucomicrobiae;o__Verrucomicrobiales;f__Verrucomicrobiaceae;g__Prosthecobacter;s__,97.93,2.04,6243297,19
Fred_18-Q3-R57-64_BATAC.8.fa,d__Bacteria;p__Proteobacteria;c__Gammaproteobacteria;o__Burkholderiales;f__Burkholderiaceae;g__Ramlibacter;s__,98.26,0.93,3865153,16
Fred_18-Q3-R57-64_BATAC.80.fa,d__Bacteria;p__Bacteroidota;c__Bacteroidia;o__Chitinophagales;f__Saprospiraceae;g__OLB9;s__,98.51,2.97,5797985,4
Fred_18-Q3-R57-64_BATAC.85v2.fa,d__Bacteria;p__Actinobacteriota;c__Actinobacteria;o__Actinomycetales;f__Dermatophilaceae;g__Austwickia;s__,98.91,1.09,4314146,1
Fred_18-Q3-R57-64_MAXAC.109_cln.fa,d__Bacteria;p__Fibrobacterota;c__Fibrobacteria;o__UBA5070;f__UBA5070;g__UBA5070;s__,98.9,0,5836944,1
Fred_18-Q3-R57-64_MAXAC.112.fa,d__Bacteria;p__Chloroflexota;c__Anaerolineae;o__SBR1031;f__A4b;g__OLB13;s__,98,1.82,6159798,39
Fred_18-Q3-R57-64_MAXAC.209.fa,d__Bacteria;p__Proteobacteria;c__Gammaproteobacteria;o__Xanthomonadales;f__Rhodanobacteraceae;g__Dokdonella;s__,95.18,0.97,3750010,8
Fred_18-Q3-R57-64_MAXAC.220.fa,d__Bacteria;p__Firmicutes;c__Bacilli;o__Lactobacillales;f__Streptococcaceae;g__Streptococcus;s__Streptococcus infantarius,99.61,1.5,3791595,238
Fred_18-Q3-R57-64_MAXAC.274.fa,d__Bacteria;p__Proteobacteria;c__Alphaproteobacteria;o__Dongiales;f__Dongiaceae;g__;s__,98.43,0.87,4805494,12
Fred_18-Q3-R57-64_MAXAC.276.fa,d__Bacteria;p__Myxococcota;c__Polyangia;o__Polyangiales;f__Sandaracinaceae;g__;s__,92.83,3.23,5791314,17
Fred_18-Q3-R57-64_MAXAC.283_sub.fa,d__Bacteria;p__Bacteroidota;c__Bacteroidia;o__Chitinophagales;f__Chitinophagaceae;g__OLB11;s__,91.42,0.99,3731615,16
Fred_18-Q3-R57-64_MAXAC.287.fa,d__Bacteria;p__Proteobacteria;c__Gammaproteobacteria;o__Competibacterales;f__Competibacteraceae;g__Competibacter;s__,95.31,1.72,4828865,34
Fred_18-Q3-R57-64_MAXAC.288.fa,d__Bacteria;p__Krumholzibacteriota;c__Krumholzibacteria;o__LZORAL124-64-63;f__LZORAL124-64-63;g__;s__,98.9,1.28,5232536,12
Fred_18-Q3-R57-64_MAXAC.292.fa,d__Bacteria;p__Proteobacteria;c__Gammaproteobacteria;o__SZUA-140;f__SZUA-140;g__;s__,97.41,3.3,3054801,17
Fred_18-Q3-R57-64_MAXAC.307.fa,d__Bacteria;p__Proteobacteria;c__Alphaproteobacteria;o__Rhodospirillales_A;f__2-12-FULL-67-15;g__;s__,97.04,0.75,4281405,11
Fred_18-Q3-R57-64_MAXAC.309.fa,d__Bacteria;p__Planctomycetota;c__UBA1135;o__UBA1135;f__GCA-002686595;g__;s__,91.01,2.87,5291457,33
Fred_18-Q3-R57-64_MAXAC.330_cln.fa,d__Bacteria;p__Planctomycetota;c__Phycisphaerae;o__Phycisphaerales;f__SM1A02;g__UBA2402;s__,97.73,0,3355795,1
Fred_18-Q3-R57-64_MAXAC.344.fa,d__Bacteria;p__Bacteroidota;c__Bacteroidia;o__Flavobacteriales;f__PHOS-HE28;g__PHOS-HE28;s__,98.92,1.88,4115108,10
Fred_18-Q3-R57-64_MAXAC.347.fa,d__Bacteria;p__Myxococcota;c__Polyangia;o__Polyangiales;f__Polyangiaceae;g__;s__,93.72,4.24,8760767,10
Fred_18-Q3-R57-64_MAXAC.354.fa,d__Bacteria;p__Eisenbacteria;c__RBG-16-71-46;o__;f__;g__;s__,93.41,1.1,6448318,42
Fred_18-Q3-R57-64_MAXAC.356.fa,d__Bacteria;p__Cyanobacteria;c__Vampirovibrionia;o__Obscuribacterales;f__Obscuribacteraceae;g__Obscuribacter;s__,97.44,3.99,7351652,10
Fred_18-Q3-R57-64_MAXAC.362.fa,d__Bacteria;p__Proteobacteria;c__Alphaproteobacteria;o__Caulobacterales;f__Hyphomonadaceae;g__Hyphomonas;s__,99.68,0,3988027,14
Fred_18-Q3-R57-64_MAXAC.370.fa,d__Bacteria;p__Bacteroidota;c__Bacteroidia;o__Chitinophagales;f__Saprospiraceae;g__;s__,95.35,4.21,6391660,53
Fred_18-Q3-R57-64_MAXAC.373.fa,d__Bacteria;p__Proteobacteria;c__Gammaproteobacteria;o__Pseudomonadales;f__Cellvibrionaceae;g__Cellvibrio;s__,95.89,0.92,3545514,16
Fred_18-Q3-R57-64_MAXAC.378.fa,d__Bacteria;p__Proteobacteria;c__Alphaproteobacteria;o__Rhodospirillales_A;f__2-12-FULL-67-15;g__;s__,91.94,1.74,4308267,45
Fred_18-Q3-R57-64_MAXAC.379.fa,d__Bacteria;p__Cyanobacteria;c__Vampirovibrionia;o__Vampirovibrionales;f__Vampirovibrionaceae;g__;s__,95.73,0.85,3007214,9
Fred_18-Q3-R57-64_MAXAC.384.fa,d__Bacteria;p__Myxococcota;c__Polyangia;o__Nannocystales;f__Nannocystaceae;g__Nannocystis;s__,94.52,3.23,8579269,31
Fred_18-Q3-R57-64_MAXAC.396_cln.fa,d__Bacteria;p__Proteobacteria;c__Alphaproteobacteria;o__Reyranellales;f__Reyranellaceae;g__;s__,98.07,1.09,5340810,1
Fred_18-Q3-R57-64_MAXAC.407.fa,d__Bacteria;p__Myxococcota;c__Polyangia;o__Polyangiales;f__Polyangiaceae;g__;s__,93.87,2.79,11504612,11
Fred_18-Q3-R57-64_MAXAC.418.fa,d__Bacteria;p__Planctomycetota;c__Phycisphaerae;o__UBA1845;f__UTPLA1;g__UTPLA1;s__,90.24,2.27,5173855,91
Fred_18-Q3-R57-64_MAXAC.421_sub_cln.fa,d__Bacteria;p__Patescibacteria;c__Paceibacteria_A;o__Moranbacterales;f__UBA1568;g__;s__,68.32,2.97,1088644,1
Fred_18-Q3-R57-64_MAXAC.423.fa,d__Bacteria;p__Gemmatimonadota;c__Gemmatimonadetes;o__Gemmatimonadales;f__Gemmatimonadaceae;g__SCN-70-22;s__,97.8,4.4,5946841,32
Fred_18-Q3-R57-64_MAXAC.425_cln.fa,d__Bacteria;p__Proteobacteria;c__Gammaproteobacteria;o__Burkholderiales;f__;g__;s__,74.36,0.03,912463,1
Fred_18-Q3-R57-64_MAXAC.456.fa,d__Bacteria;p__Planctomycetota;c__UBA8742;o__UBA2392;f__UBA2392;g__;s__,92.44,4.55,4169170,3
Hade_18-Q3-R52-61_BAT3C.141.fa,d__Bacteria;p__Bacteroidota;c__Bacteroidia;o__Chitinophagales;f__Saprospiraceae;g__UBA3362;s__,98.51,0.37,5240105,4
Hade_18-Q3-R52-61_BAT3C.248.fa,d__Bacteria;p__Bacteroidota;c__Bacteroidia;o__Chitinophagales;f__Saprospiraceae;g__UBA3362;s__,97.77,0,3980563,3
Hade_18-Q3-R52-61_BAT3C.352.fa,d__Bacteria;p__Actinobacteriota;c__Thermoleophilia;o__Solirubrobacterales;f__70-9;g__67-14;s__,92.67,0,2639505,7
Hade_18-Q3-R52-61_BATAC.14.fa,d__Bacteria;p__Proteobacteria;c__Gammaproteobacteria;o__Pseudomonadales;f__UBA7239;g__UBA7239;s__UBA7239 sp002333095,91.67,0.97,2596952,28
Hade_18-Q3-R52-61_BATAC.180.fa,d__Bacteria;p__Bacteroidota;c__Bacteroidia;o__Cytophagales;f__Cyclobacteriaceae;g__ELB16-189;s__,92.52,0,4451774,27
Hade_18-Q3-R52-61_BATAC.200.fa,d__Bacteria;p__Proteobacteria;c__Gammaproteobacteria;o__Xanthomonadales;f__Ahniellaceae;g__Ahniella;s__,91.66,2.33,4686952,55
Hade_18-Q3-R52-61_BATAC.229.fa,d__Bacteria;p__Acidobacteriota;c__Blastocatellia;o__Pyrinomonadales;f__Pyrinomonadaceae;g__OLB17;s__,90.53,3.85,3716898,41
Hade_18-Q3-R52-61_BATAC.255.fa,d__Bacteria;p__Bacteroidota;c__Bacteroidia;o__Flavobacteriales;f__PHOS-HE28;g__PHOS-HE28;s__,90,1.61,3758119,60
Hade_18-Q3-R52-61_BATAC.316.fa,d__Bacteria;p__Proteobacteria;c__Gammaproteobacteria;o__Burkholderiales;f__Rhodocyclaceae;g__;s__,91.26,2.35,4097703,19
Hade_18-Q3-R52-61_BATAC.452.fa,d__Bacteria;p__Proteobacteria;c__Gammaproteobacteria;o__Burkholderiales;f__UKL13-2;g__FEB-7;s__,97.26,1.83,4933766,23
Hade_18-Q3-R52-61_BATAC.692.fa,d__Bacteria;p__Bacteroidota;c__Bacteroidia;o__Chitinophagales;f__Chitinophagaceae;g__OLB11;s__,95.2,0.74,3722616,11
Hade_18-Q3-R52-61_BATAC.713.fa,d__Bacteria;p__Bacteroidota;c__Bacteroidia;o__AKYH767;f__b-17BO;g__UBA4416;s__,98.57,3.02,4504760,44
Hade_18-Q3-R52-61_MAXAC.021.fa,d__Bacteria;p__Bacteroidota;c__Bacteroidia;o__Chitinophagales;f__Saprospiraceae;g__OLB8;s__,96.53,0.99,4694034,16
Hade_18-Q3-R52-61_MAXAC.056.fa,d__Bacteria;p__Proteobacteria;c__Alphaproteobacteria;o__Sphingomonadales;f__Sphingomonadaceae;g__Ga0077559;s__,97.35,0.82,3336810,23
Hade_18-Q3-R52-61_MAXAC.079.fa,d__Bacteria;p__Bacteroidota;c__Bacteroidia;o__Chitinophagales;f__;g__;s__,98.03,4.21,3983759,51
Hade_18-Q3-R52-61_MAXAC.102.fa,d__Bacteria;p__Bacteroidota;c__Bacteroidia;o__AKYH767-A;f__2013-40CM-41-45;g__;s__,97.14,2.3,4617708,20
Hade_18-Q3-R52-61_MAXAC.192.fa,d__Bacteria;p__Spirochaetota;c__Leptospirae;o__Leptospirales;f__Leptospiraceae;g__UBA2033;s__,100,1.16,6456339,34
Hade_18-Q3-R52-61_MAXAC.228.fa,d__Bacteria;p__Bacteroidota;c__Bacteroidia;o__Chitinophagales;f__Saprospiraceae;g__;s__,93.02,4.16,6689062,95
Hade_18-Q3-R52-61_MAXAC.236_sub.fa,d__Bacteria;p__Chloroflexota;c__Anaerolineae;o__Promineofilales;f__;g__;s__,92.95,4.09,5674443,113
Hade_18-Q3-R52-61_MAXAC.360.fa,d__Bacteria;p__Acidobacteriota;c__Blastocatellia;o__Pyrinomonadales;f__Pyrinomonadaceae;g__OLB17;s__,96.58,0.85,4595114,14
Hade_18-Q3-R52-61_MAXAC.389.fa,d__Bacteria;p__Bacteroidota;c__Bacteroidia;o__Chitinophagales;f__UBA2359;g__;s__,91.9,0.99,4776319,34
Hade_18-Q3-R52-61_MAXAC.390.fa,d__Bacteria;p__Proteobacteria;c__Gammaproteobacteria;o__Thiotrichales;f__Thiotrichaceae;g__Thiofilum;s__,97.67,0.79,4362850,8
Hirt_18-Q3-R61-65_BAT3C.134.fa,d__Bacteria;p__Bacteroidota;c__Bacteroidia;o__Chitinophagales;f__;g__;s__,97.04,3.15,4029488,18
Hirt_18-Q3-R61-65_BAT3C.167.fa,d__Bacteria;p__Actinobacteriota;c__Actinobacteria;o__Propionibacteriales;f__Propionibacteriaceae;g__Nigerium;s__,95.68,3.15,3052739,12
Hirt_18-Q3-R61-65_BAT3C.202.fa,d__Bacteria;p__Actinobacteriota;c__Actinobacteria;o__Actinomycetales;f__Dermatophilaceae;g__Austwickia;s__,98.91,0,3476358,6
Hirt_18-Q3-R61-65_BAT3C.235.fa,d__Bacteria;p__Verrucomicrobiota;c__Verrucomicrobiae;o__Opitutales;f__Opitutaceae;g__;s__,96.35,3.38,6298830,56
Hirt_18-Q3-R61-65_BAT3C.274.fa,d__Bacteria;p__Myxococcota;c__Polyangia;o__GCA-2747355;f__GCA-2747355;g__;s__,93.74,1.96,4220125,11
Hirt_18-Q3-R61-65_BAT3C.279.fa,d__Bacteria;p__Actinobacteriota;c__Actinobacteria;o__Propionibacteriales;f__Propionibacteriaceae;g__Micropruina;s__,96.37,0,3881138,3
Hirt_18-Q3-R61-65_BAT3C.320.fa,d__Bacteria;p__Actinobacteriota;c__Actinobacteria;o__Propionibacteriales;f__Propionibacteriaceae;g__Micropruina;s__,90.14,0.26,3313532,36
Hirt_18-Q3-R61-65_BAT3C.362_fly.fa,d__Bacteria;p__Patescibacteria;c__Saccharimonadia;o__Saccharimonadales;f__Saccharimonadaceae;g__;s__,62.54,0,749073,1
Hirt_18-Q3-R61-65_BAT3C.386.fa,d__Bacteria;p__Actinobacteriota;c__Actinobacteria;o__Actinomycetales;f__Dermatophilaceae;g__GCA-2748155;s__,96.22,0,2919710,3
Hirt_18-Q3-R61-65_BAT3C.449.fa,d__Bacteria;p__Bacteroidota;c__Bacteroidia;o__Chitinophagales;f__Saprospiraceae;g__;s__,94.84,1.73,8110758,14
Hirt_18-Q3-R61-65_BAT3C.487.fa,d__Bacteria;p__Proteobacteria;c__Alphaproteobacteria;o__Rhizobiales;f__Rhizobiaceae;g__;s__,94.67,1.74,3570648,13
Hirt_18-Q3-R61-65_BAT3C.578.fa,d__Bacteria;p__Bacteroidota;c__Bacteroidia;o__Chitinophagales;f__Saprospiraceae;g__;s__,99.24,2.04,5370622,16
Hirt_18-Q3-R61-65_BATAC.101.fa,d__Bacteria;p__Proteobacteria;c__Gammaproteobacteria;o__Competibacterales;f__Competibacteraceae;g__Competibacter;s__Competibacter sp002433805,93.8,3.46,4058184,6
Hirt_18-Q3-R61-65_BATAC.102.fa,d__Bacteria;p__Bacteroidota;c__Bacteroidia;o__Flavobacteriales;f__PHOS-HE28;g__PHOS-HE28;s__,98.3,3.23,4066475,37
Hirt_18-Q3-R61-65_BATAC.172.fa,d__Bacteria;p__Bacteroidota;c__Ignavibacteria;o__SJA-28;f__B-1AR;g__UBA2330;s__,93.13,2.46,5303442,65
Hirt_18-Q3-R61-65_BATAC.207.fa,d__Bacteria;p__Bacteroidota;c__Bacteroidia;o__Chitinophagales;f__Chitinophagaceae;g__Ferruginibacter;s__,93.1,2.27,3941681,15
Hirt_18-Q3-R61-65_BATAC.395.fa,d__Bacteria;p__Proteobacteria;c__Gammaproteobacteria;o__Burkholderiales;f__Rhodocyclaceae;g__;s__,96.52,0.34,3246725,31
Hirt_18-Q3-R61-65_BATAC.427.fa,d__Bacteria;p__Chloroflexota;c__Anaerolineae;o__;f__;g__;s__,96.02,1.1,4924095,13
Hirt_18-Q3-R61-65_BATAC.430.fa,d__Bacteria;p__Myxococcota;c__Polyangia;o__Haliangiales;f__Haliangiaceae;g__UBA2376;s__,96.45,3.13,9510879,49
Hirt_18-Q3-R61-65_BATAC.551.fa,d__Bacteria;p__Bacteroidota;c__Bacteroidia;o__Chitinophagales;f__Saprospiraceae;g__;s__,90.43,0.5,5226606,31
Hirt_18-Q3-R61-65_BATAC.98_uni.fa,d__Bacteria;p__Patescibacteria;c__Saccharimonadia;o__Saccharimonadales;f__UBA4665;g__GCA-2746885;s__,66.5,0,1226308,1
Hirt_18-Q3-R61-65_MAXAC.059.fa,d__Bacteria;p__Proteobacteria;c__Gammaproteobacteria;o__Burkholderiales;f__Rhodocyclaceae;g__Sulfuritalea;s__,93.96,3.18,4377445,56
Hirt_18-Q3-R61-65_MAXAC.091.fa,d__Bacteria;p__Acidobacteriota;c__Vicinamibacteria;o__Vicinamibacterales;f__SCN-69-37;g__;s__,96.58,4.7,5251049,22
Hirt_18-Q3-R61-65_MAXAC.142.fa,d__Bacteria;p__Chloroflexota;c__Anaerolineae;o__Promineofilales;f__Promineofilaceae;g__;s__,90.73,4,7738549,204
Hirt_18-Q3-R61-65_MAXAC.229.fa,d__Bacteria;p__Myxococcota;c__Polyangia;o__Haliangiales;f__Haliangiaceae;g__;s__,95.91,1.61,4567662,8
Hirt_18-Q3-R61-65_MAXAC.305.fa,d__Bacteria;p__Bdellovibrionota;c__Bdellovibrionia;o__Bdellovibrionales;f__UBA1609;g__;s__,96.43,1.79,4302310,25
Hirt_18-Q3-R61-65_MAXAC.324_sub.fa,d__Bacteria;p__Bacteroidota;c__Bacteroidia;o__Chitinophagales;f__Chitinophagaceae;g__Ferruginibacter;s__,98.03,2.71,4089044,15
Hirt_18-Q3-R61-65_MAXAC.330_cln.fa,d__Bacteria;p__Patescibacteria;c__Saccharimonadia;o__Saccharimonadales;f__UBA4665;g__GCA-2746885;s__,72.65,0,1211496,1
Hirt_18-Q3-R61-65_MAXAC.366.fa,d__Bacteria;p__Bacteroidota;c__Bacteroidia;o__Flavobacteriales;f__PHOS-HE28;g__PHOS-HE28;s__,99.19,4.66,4205193,38
Hirt_18-Q3-R61-65_MAXAC.378_cln.fa,d__Bacteria;p__Patescibacteria;c__Paceibacteria_A;o__Moranbacterales;f__UBA1568;g__;s__,67.73,0.99,1048819,1
Hjor_18-Q3-R7-51_BAT3C.155.fa,d__Bacteria;p__Proteobacteria;c__Alphaproteobacteria;o__Rhizobiales;f__Beijerinckiaceae;g__;s__,94.71,0.1,3670810,16
Hjor_18-Q3-R7-51_BAT3C.167.fa,d__Bacteria;p__Acidobacteriota;c__Thermoanaerobaculia;o__UBA5066;f__UBA5066;g__Fen-183;s__,98.72,2.56,4261279,19
Hjor_18-Q3-R7-51_BAT3C.239.fa,d__Bacteria;p__Acidobacteriota;c__Thermoanaerobaculia;o__UBA5066;f__UBA5066;g__UBA5066;s__,92.51,2.56,4586032,38
Hjor_18-Q3-R7-51_BAT3C.262.fa,d__Bacteria;p__Proteobacteria;c__Alphaproteobacteria;o__Rhizobiales;f__Hyphomicrobiaceae;g__Hyphomicrobium;s__,93.16,2.81,3485780,33
Hjor_18-Q3-R7-51_BAT3C.56.fa,d__Bacteria;p__Bacteroidota;c__Bacteroidia;o__Chitinophagales;f__Saprospiraceae;g__;s__,95.3,0.5,4887894,23
Hjor_18-Q3-R7-51_BAT3C.81_sub.fa,d__Bacteria;p__Actinobacteriota;c__Actinobacteria;o__Actinomycetales;f__Dermatophilaceae;g__GCA-2748155;s__,95.18,0.96,3474448,61
Hjor_18-Q3-R7-51_BAT3C.94.fa,d__Bacteria;p__Actinobacteriota;c__Actinobacteria;o__Actinomycetales;f__Dermatophilaceae;g__Phycicoccus;s__,96.22,1.62,2932045,6
Hjor_18-Q3-R7-51_BATAC.116.fa,d__Bacteria;p__Bacteroidota;c__Bacteroidia;o__Chitinophagales;f__Saprospiraceae;g__;s__,96.26,1.98,4409674,58
Hjor_18-Q3-R7-51_BATAC.136.fa,d__Bacteria;p__Acidobacteriota;c__Holophagae;o__Holophagales;f__Holophagaceae;g__;s__,98.25,2.63,3867194,34
Hjor_18-Q3-R7-51_BATAC.166.fa,d__Bacteria;p__Bacteroidota;c__Bacteroidia;o__Chitinophagales;f__Chitinophagaceae;g__Ferruginibacter;s__,97.83,1.23,3343492,11
Hjor_18-Q3-R7-51_BATAC.198.fa,d__Bacteria;p__Bacteroidota;c__Bacteroidia;o__Chitinophagales;f__Saprospiraceae;g__UBA3362;s__,97.77,4.57,4334337,53
Hjor_18-Q3-R7-51_BATAC.2.fa,d__Bacteria;p__Proteobacteria;c__Gammaproteobacteria;o__Competibacterales;f__Competibacteraceae;g__Contendobacter;s__Contendobacter odensis,97.36,3.81,5795996,56
Hjor_18-Q3-R7-51_BATAC.29.fa,d__Bacteria;p__Actinobacteriota;c__Actinobacteria;o__Actinomycetales;f__Dermatophilaceae;g__Phycicoccus;s__Phycicoccus elongata,98.74,4.56,3939558,30
Hjor_18-Q3-R7-51_BATAC.292.fa,d__Bacteria;p__Proteobacteria;c__Gammaproteobacteria;o__Burkholderiales;f__Burkholderiaceae;g__;s__,93.11,0.91,6718796,151
Hjor_18-Q3-R7-51_MAXAC.006.fa,d__Bacteria;p__Proteobacteria;c__Gammaproteobacteria;o__Burkholderiales;f__Rhodocyclaceae;g__Sulfuritalea;s__,96.78,1.37,4498252,19
Hjor_18-Q3-R7-51_MAXAC.078.fa,d__Bacteria;p__Proteobacteria;c__Alphaproteobacteria;o__Rhizobiales;f__Anderseniellaceae;g__PALSA-927;s__,99.57,0.87,4372310,53
Hjor_18-Q3-R7-51_MAXAC.079_sub.fa,d__Bacteria;p__Chloroflexota;c__Anaerolineae;o__Caldilineales;f__Caldilineaceae;g__Caldilinea;s__,97.73,1.82,6608906,68
Hjor_18-Q3-R7-51_MAXAC.088.fa,d__Bacteria;p__Actinobacteriota;c__Actinobacteria;o__Actinomycetales;f__Dermatophilaceae;g__GCA-2748155;s__,95.68,2.7,3828964,28
Hjor_18-Q3-R7-51_MAXAC.102_uni.fa,d__Bacteria;p__Patescibacteria;c__Saccharimonadia;o__Saccharimonadales;f__Saccharimonadaceae;g__Saccharimonas;s__,68.98,0.93,1011181,1
Hjor_18-Q3-R7-51_MAXAC.115.fa,d__Bacteria;p__Actinobacteriota;c__Actinobacteria;o__Propionibacteriales;f__Propionibacteriaceae;g__Micropruina;s__,96.11,2.85,3778533,14
Kalu_18-Q3-R12-55_BAT3C.130.fa,d__Bacteria;p__Bacteroidota;c__Bacteroidia;o__Flavobacteriales;f__PHOS-HE28;g__PHOS-HE28;s__,99.46,1.08,4069966,2
Kalu_18-Q3-R12-55_BAT3C.140.fa,d__Bacteria;p__Planctomycetota;c__Phycisphaerae;o__UBA1845;f__Fen-1342;g__Fen-1342;s__,97.62,3.41,4959243,66
Kalu_18-Q3-R12-55_BAT3C.173.fa,d__Bacteria;p__Bacteroidota;c__Ignavibacteria;o__Ignavibacteriales;f__Ignavibacteriaceae;g__;s__,98.6,1.12,4008261,4
Kalu_18-Q3-R12-55_BAT3C.181.fa,d__Bacteria;p__Proteobacteria;c__Gammaproteobacteria;o__Burkholderiales;f__Burkholderiaceae;g__Rubrivivax;s__,97.51,2.1,5174938,7
Kalu_18-Q3-R12-55_BAT3C.186.fa,d__Bacteria;p__Chloroflexota;c__Anaerolineae;o__SBR1031;f__A4b;g__OLB13;s__,97.27,1.21,5503990,10
Kalu_18-Q3-R12-55_BAT3C.19.fa,d__Bacteria;p__Verrucomicrobiota;c__Verrucomicrobiae;o__Pedosphaerales;f__UBA9464;g__;s__,97.27,3.38,4931823,11
Kalu_18-Q3-R12-55_BAT3C.197.fa,d__Bacteria;p__Planctomycetota;c__Phycisphaerae;o__UBA1845;f__Fen-1342;g__Fen-1342;s__,94.32,0,4381922,4
Kalu_18-Q3-R12-55_BAT3C.2_fly.fa,d__Bacteria;p__Patescibacteria;c__Doudnabacteria;o__UBA920;f__UBA920;g__UBA920;s__,69.62,0,943189,1
Kalu_18-Q3-R12-55_BAT3C.208.fa,d__Bacteria;p__Proteobacteria;c__Gammaproteobacteria;o__SZUA-140;f__SZUA-140;g__;s__,96.8,2.82,3021994,8
Kalu_18-Q3-R12-55_BAT3C.226.fa,d__Bacteria;p__Acidobacteriota;c__Blastocatellia;o__Pyrinomonadales;f__Pyrinomonadaceae;g__OLB17;s__,95.73,4.75,3805121,8
Kalu_18-Q3-R12-55_BAT3C.229.fa,d__Bacteria;p__Proteobacteria;c__Gammaproteobacteria;o__Burkholderiales;f__Palsa-1005;g__PALSA-1003;s__,97.57,1.07,4577903,23
Kalu_18-Q3-R12-55_BAT3C.239.fa,d__Bacteria;p__Cyanobacteria;c__Vampirovibrionia;o__Obscuribacterales;f__;g__;s__,96.58,4.42,6224382,4
Kalu_18-Q3-R12-55_BAT3C.261.fa,d__Bacteria;p__Acidobacteriota;c__Acidobacteriae;o__Bryobacterales;f__Bryobacteraceae;g__;s__,97.37,0,6412234,29
Kalu_18-Q3-R12-55_BAT3C.268.fa,d__Bacteria;p__Acidobacteriota;c__Blastocatellia;o__Pyrinomonadales;f__Pyrinomonadaceae;g__OLB17;s__,95.73,4.61,4391464,21
Kalu_18-Q3-R12-55_BAT3C.288.fa,d__Bacteria;p__Bacteroidota;c__Bacteroidia;o__Chitinophagales;f__Saprospiraceae;g__;s__,90.26,0.25,4006039,24
Kalu_18-Q3-R12-55_BAT3C.337.fa,d__Bacteria;p__Proteobacteria;c__Gammaproteobacteria;o__Burkholderiales;f__Gallionellaceae;g__Gallionella;s__,97.38,3.1,2554979,9
Kalu_18-Q3-R12-55_BAT3C.355.fa,d__Bacteria;p__Acidobacteriota;c__Blastocatellia;o__Pyrinomonadales;f__Pyrinomonadaceae;g__OLB17;s__OLB17 sp002333435,95.73,1.76,3793765,2
Kalu_18-Q3-R12-55_BAT3C.357.fa,d__Bacteria;p__Planctomycetota;c__UBA1135;o__UBA2386;f__UBA2386;g__;s__,94.89,4.55,9030949,6
Kalu_18-Q3-R12-55_BAT3C.359.fa,d__Bacteria;p__Proteobacteria;c__Gammaproteobacteria;o__Burkholderiales;f__Burkholderiaceae;g__;s__,90.09,0,3642430,4
Kalu_18-Q3-R12-55_BAT3C.361.fa,d__Bacteria;p__Chloroflexota;c__Anaerolineae;o__Anaerolineales;f__envOPS12;g__UBA12294;s__,93.64,2.91,4139007,7
Kalu_18-Q3-R12-55_BAT3C.58.fa,d__Bacteria;p__Bacteroidota;c__Ignavibacteria;o__Ignavibacteriales;f__Melioribacteraceae;g__GCA-2746605;s__,97.77,2.79,4368031,2
Kalu_18-Q3-R12-55_BAT3C.68.fa,d__Bacteria;p__Planctomycetota;c__Phycisphaerae;o__Phycisphaerales;f__SM1A02;g__UBA2402;s__,98.86,0,3188241,3
Kalu_18-Q3-R12-55_BAT3C.8.fa,d__Bacteria;p__Bacteroidota;c__Bacteroidia;o__Chitinophagales;f__Saprospiraceae;g__UBA3362;s__,99.01,0,3821971,3
Kalu_18-Q3-R12-55_BATAC.116.fa,d__Bacteria;p__Myxococcota;c__Polyangia;o__Polyangiales;f__Polyangiaceae;g__;s__,92.69,3.25,9405335,23
Kalu_18-Q3-R12-55_BATAC.22.fa,d__Bacteria;p__Bacteroidota;c__Bacteroidia;o__Chitinophagales;f__Saprospiraceae;g__;s__,95.99,1.49,6394108,31
Kalu_18-Q3-R12-55_BATAC.288.fa,d__Bacteria;p__Proteobacteria;c__Gammaproteobacteria;o__Pseudomonadales;f__Oleiphilaceae;g__;s__,98.8,2.91,4975101,33
Kalu_18-Q3-R12-55_BATAC.336.fa,d__Bacteria;p__Bacteroidota;c__Ignavibacteria;o__SJA-28;f__B-1AR;g__UBA2330;s__,94.81,3.01,4193580,41
Kalu_18-Q3-R12-55_BATAC.47.fa,d__Bacteria;p__Chloroflexota;c__Anaerolineae;o__Promineofilales;f__Promineofilaceae;g__GCA-2746795;s__,97.27,3.82,6811151,29
Kalu_18-Q3-R12-55_MAXAC.032.fa,d__Bacteria;p__Bacteroidota;c__Bacteroidia;o__Chitinophagales;f__Saprospiraceae;g__;s__,99.01,1.73,5700199,6
Kalu_18-Q3-R12-55_MAXAC.049_cln.fa,d__Bacteria;p__Actinobacteriota;c__Acidimicrobiia;o__Microtrichales;f__Ilumatobacteraceae;g__;s__,98.29,2.14,3299314,1
Kalu_18-Q3-R12-55_MAXAC.052_cln.fa,d__Bacteria;p__Patescibacteria;c__Saccharimonadia;o__UBA4664;f__;g__;s__,70.3,0.99,916044,1
Kalu_18-Q3-R12-55_MAXAC.061.fa,d__Bacteria;p__Actinobacteriota;c__Acidimicrobiia;o__Microtrichales;f__;g__;s__,96.58,2.14,3786270,9
Kalu_18-Q3-R12-55_MAXAC.064.fa,d__Bacteria;p__Bacteroidota;c__Bacteroidia;o__Flavobacteriales;f__PHOS-HE28;g__PHOS-HE28;s__,90.41,1.61,3749262,42
Kalu_18-Q3-R12-55_MAXAC.067_cln.fa,d__Bacteria;p__Bacteroidota;c__Bacteroidia;o__Chitinophagales;f__UBA2359;g__UBA2359;s__,99.01,0.99,5966411,1
Kalu_18-Q3-R12-55_MAXAC.076.fa,d__Bacteria;p__Bacteroidota;c__Bacteroidia;o__Chitinophagales;f__Saprospiraceae;g__UBA3362;s__,99.01,0.5,3785269,3
Kalu_18-Q3-R12-55_MAXAC.077.fa,d__Bacteria;p__Bacteroidota;c__Bacteroidia;o__Flavobacteriales;f__PHOS-HE28;g__PHOS-HE28;s__,99.28,1.08,4352397,5
Kalu_18-Q3-R12-55_MAXAC.078_cln.fa,d__Bacteria;p__Acidobacteriota;c__Blastocatellia;o__Pyrinomonadales;f__Pyrinomonadaceae;g__OLB17;s__,95.73,1.71,3393545,1
Kalu_18-Q3-R12-55_MAXAC.082.fa,d__Bacteria;p__Bacteroidota;c__Bacteroidia;o__AKYH767;f__b-17BO;g__;s__,98.57,0.95,4049195,20
Kalu_18-Q3-R12-55_MAXAC.091.fa,d__Bacteria;p__Bacteroidota;c__Bacteroidia;o__Bacteroidales;f__F082;g__UBA6192;s__,97.31,2.42,3594881,5
Kalu_18-Q3-R12-55_MAXAC.106v2.fa,d__Bacteria;p__Chloroflexota;c__Anaerolineae;o__Promineofilales;f__Promineofilaceae;g__GCA-2699125;s__,97.27,4.73,8146679,2
Kalu_18-Q3-R12-55_MAXAC.107.fa,d__Bacteria;p__Myxococcota;c__Polyangia;o__Polyangiales;f__Polyangiaceae;g__;s__,94.19,4.15,11097727,28
Kalu_18-Q3-R12-55_MAXAC.123.fa,d__Bacteria;p__Acidobacteriota;c__Blastocatellia;o__Pyrinomonadales;f__;g__;s__,91.45,4.27,5835500,37
Kalu_18-Q3-R12-55_MAXAC.127v2.fa,d__Bacteria;p__Bacteroidota;c__Ignavibacteria;o__Ignavibacteriales;f__Ignavibacteriaceae;g__;s__,98.88,0.56,4601368,1
Kalu_18-Q3-R12-55_MAXAC.131.fa,d__Bacteria;p__Bdellovibrionota;c__Bdellovibrionia;o__;f__;g__;s__,95.09,1.79,2452426,14
Kalu_18-Q3-R12-55_MAXAC.132v2.fa,d__Bacteria;p__Nitrospirota;c__Nitrospiria;o__Nitrospirales;f__Nitrospiraceae;g__Nitrospira;s__,95.68,4.6,3855297,13
Kalu_18-Q3-R12-55_MAXAC.141_sub.fa,d__Bacteria;p__Acidobacteriota;c__Blastocatellia;o__Pyrinomonadales;f__Pyrinomonadaceae;g__OLB17;s__,97.44,0.85,3307481,3
Kalu_18-Q3-R12-55_MAXAC.148.fa,d__Bacteria;p__Proteobacteria;c__Alphaproteobacteria;o__Rhodospirillales_A;f__2-12-FULL-67-15;g__;s__,93.65,1,3795985,27
Kalu_18-Q3-R12-55_MAXAC.169.fa,d__Bacteria;p__Bacteroidota;c__Kapabacteria;o__OLB7;f__OLB7;g__OLB7;s__OLB7 sp001567195,98.91,2.2,4441019,3
Kalu_18-Q3-R12-55_MAXAC.182_cln.fa,d__Bacteria;p__Patescibacteria;c__Microgenomatia;o__GWA2-44-7;f__UBA8517;g__;s__,59.88,0,1274238,1
Kalu_18-Q3-R12-55_MAXAC.185_cln.fa,d__Bacteria;p__Acidobacteriota;c__Blastocatellia;o__Pyrinomonadales;f__Pyrinomonadaceae;g__;s__,97.44,0.9,4490879,1
Kalu_18-Q3-R12-55_MAXAC.193.fa,d__Bacteria;p__Planctomycetota;c__Phycisphaerae;o__UBA1845;f__Fen-1342;g__;s__,97.73,0,4401080,6
Kalu_18-Q3-R12-55_MAXAC.194_uni.fa,d__Bacteria;p__Patescibacteria;c__Microgenomatia;o__UBA1406;f__GWC2-37-13;g__UBA1450;s__,75.71,1.72,1448136,1
Kalu_18-Q3-R12-55_MAXAC.198_cln.fa,d__Bacteria;p__Acidobacteriota;c__Blastocatellia;o__Pyrinomonadales;f__;g__;s__,95.73,3.42,6333691,1
Lyne_18-Q3-R50-59_BAT3C.1.fa,d__Bacteria;p__Proteobacteria;c__Alphaproteobacteria;o__Sphingomonadales;f__Sphingomonadaceae;g__Ga0077559;s__,99.25,0.56,3105323,2
Lyne_18-Q3-R50-59_BAT3C.229.fa,d__Bacteria;p__Bacteroidota;c__Kapabacteria;o__Kapabacteriales;f__UBA961;g__;s__,90.16,2.46,4864546,30
Lyne_18-Q3-R50-59_BAT3C.242.fa,d__Bacteria;p__Proteobacteria;c__Gammaproteobacteria;o__Steroidobacterales;f__Steroidobacteraceae;g__ZC4RG30;s__,93.24,1.54,3873582,23
Lyne_18-Q3-R50-59_BAT3C.262.fa,d__Bacteria;p__Bacteroidota;c__Bacteroidia;o__Bacteroidales;f__UBA10428;g__UBA10428;s__,98.57,1.51,3966374,1
Lyne_18-Q3-R50-59_BAT3C.300.fa,d__Bacteria;p__Proteobacteria;c__Gammaproteobacteria;o__Burkholderiales;f__Rhodocyclaceae;g__;s__,96.21,0.05,3789853,2
Lyne_18-Q3-R50-59_BAT3C.522.fa,d__Bacteria;p__Bacteroidota;c__Bacteroidia;o__Flavobacteriales;f__Crocinitomicaceae;g__;s__,90.68,0,3720151,20
Lyne_18-Q3-R50-59_BAT3C.630.fa,d__Bacteria;p__Proteobacteria;c__Gammaproteobacteria;o__Ga0077536;f__Ga0077536;g__;s__,98.03,4.13,5416094,30
Lyne_18-Q3-R50-59_BATAC.172.fa,d__Bacteria;p__Bacteroidota;c__Bacteroidia;o__Chitinophagales;f__Saprospiraceae;g__;s__,98.51,0,5748768,32
Lyne_18-Q3-R50-59_BATAC.195.fa,d__Bacteria;p__Bacteroidota;c__Bacteroidia;o__Chitinophagales;f__Saprospiraceae;g__UBA6168;s__,94.7,4.92,6833830,92
Lyne_18-Q3-R50-59_BATAC.272.fa,d__Bacteria;p__Chloroflexota;c__Anaerolineae;o__;f__;g__;s__,92.73,0.64,6591815,35
Lyne_18-Q3-R50-59_BATAC.274.fa,d__Bacteria;p__Bacteroidota;c__Bacteroidia;o__Chitinophagales;f__Chitinophagaceae;g__JJ008;s__,93.66,1.48,3733794,26
Lyne_18-Q3-R50-59_BATAC.36.fa,d__Bacteria;p__Proteobacteria;c__Alphaproteobacteria;o__Sphingomonadales;f__Sphingomonadaceae;g__Novosphingobium;s__,99.31,1.24,3706358,16
Lyne_18-Q3-R50-59_BATAC.383_cln.fa,d__Bacteria;p__Proteobacteria;c__Gammaproteobacteria;o__Competibacterales;f__Competibacteraceae;g__Contendobacter;s__,97.71,3.05,3595827,1
Lyne_18-Q3-R50-59_BATAC.473.fa,d__Bacteria;p__Bacteroidota;c__Bacteroidia;o__Chitinophagales;f__Saprospiraceae;g__UBA3362;s__,97.25,0.59,4180360,13
Lyne_18-Q3-R50-59_BATAC.526.fa,d__Bacteria;p__Krumholzibacteriota;c__Krumholzibacteria;o__LZORAL124-64-63;f__LZORAL124-64-63;g__;s__,97.25,1.1,3922479,38
Lyne_18-Q3-R50-59_BATAC.569.fa,d__Bacteria;p__Bacteroidota;c__Bacteroidia;o__Chitinophagales;f__;g__;s__,99.24,4.17,3536787,16
Lyne_18-Q3-R50-59_BATAC.576.fa,d__Bacteria;p__Bacteroidota;c__Ignavibacteria;o__SJA-28;f__B-1AR;g__UBA2330;s__,94.35,3.83,4774612,27
Lyne_18-Q3-R50-59_BATAC.62.fa,d__Bacteria;p__Bdellovibrionota;c__Bdellovibrionia;o__Bdellovibrionales;f__Bdellovibrionaceae;g__;s__,94.59,0,3477832,13
Lyne_18-Q3-R50-59_BATAC.66.fa,d__Bacteria;p__Bacteroidota;c__Bacteroidia;o__Chitinophagales;f__Saprospiraceae;g__;s__,94.18,0.99,5634770,29
Lyne_18-Q3-R50-59_BATAC.68.fa,d__Bacteria;p__Proteobacteria;c__Gammaproteobacteria;o__Burkholderiales;f__Burkholderiaceae;g__Rubrivivax;s__,98.15,3.03,5866571,50
Lyne_18-Q3-R50-59_BATAC.79.fa,d__Bacteria;p__Proteobacteria;c__Gammaproteobacteria;o__Burkholderiales;f__Hydrogenophilaceae;g__UBA3361;s__,95.69,1.65,3180269,42
Lyne_18-Q3-R50-59_MAXAC.006.fa,d__Bacteria;p__Actinobacteriota;c__Acidimicrobiia;o__Microtrichales;f__Microtrichaceae;g__Microthrix;s__Microthrix sp002473265,93.16,0.85,4214851,11
Lyne_18-Q3-R50-59_MAXAC.015.fa,d__Bacteria;p__Acidobacteriota;c__Thermoanaerobaculia;o__UBA5066;f__UBA5066;g__UBA5066;s__,95.94,2.56,5710626,33
Lyne_18-Q3-R50-59_MAXAC.018.fa,d__Bacteria;p__Proteobacteria;c__Gammaproteobacteria;o__Burkholderiales;f__Burkholderiaceae;g__Rhodoferax;s__,97,1.46,4318719,28
Lyne_18-Q3-R50-59_MAXAC.019.fa,d__Bacteria;p__Chloroflexota;c__Dehalococcoidia;o__UBA2991;f__UBA2991;g__G233;s__,96.04,0.99,3446967,17
Lyne_18-Q3-R50-59_MAXAC.062.fa,d__Bacteria;p__Verrucomicrobiota;c__Verrucomicrobiae;o__Opitutales;f__Opitutaceae;g__UBA2377;s__,90.29,2.05,4128037,62
Lyne_18-Q3-R50-59_MAXAC.215.fa,d__Bacteria;p__Elusimicrobiota;c__Elusimicrobia;o__F11;f__FEN-1173;g__;s__,94.38,4.49,3361611,31
Lyne_18-Q3-R50-59_MAXAC.253.fa,d__Bacteria;p__Bacteroidota;c__Bacteroidia;o__Chitinophagales;f__LD1;g__Bog-950;s__,91.35,1.15,3486201,47
Lyne_18-Q3-R50-59_MAXAC.310.fa,d__Bacteria;p__Bacteroidota;c__Bacteroidia;o__Chitinophagales;f__Chitinophagaceae;g__OLB11;s__,93.33,1.23,3983432,38
Lyne_18-Q3-R50-59_MAXAC.326.fa,d__Bacteria;p__Bacteroidota;c__Bacteroidia;o__Chitinophagales;f__Saprospiraceae;g__;s__,96.7,3.96,5310024,32
Lyne_18-Q3-R50-59_MAXAC.340.fa,d__Bacteria;p__Bacteroidota;c__Bacteroidia;o__Chitinophagales;f__BACL12;g__;s__,97.52,0.74,3817002,8
Lyne_18-Q3-R50-59_MAXAC.376.fa,d__Bacteria;p__Bacteroidota;c__Bacteroidia;o__Chitinophagales;f__Saprospiraceae;g__;s__,90.85,0.76,5925340,51
Lyne_18-Q3-R50-59_MAXAC.409.fa,d__Bacteria;p__Planctomycetota;c__UBA1135;o__;f__;g__;s__,97.73,2.27,7334346,8
Lyne_18-Q3-R50-59_MAXAC.411_cln.fa,d__Bacteria;p__Patescibacteria;c__Gracilibacteria;o__GCA-2401425;f__;g__;s__,82.87,0,1560578,1
Mari_18-Q3-R65-66_BAT3C.296.fa,d__Bacteria;p__Bacteroidota;c__Bacteroidia;o__Chitinophagales;f__Chitinophagaceae;g__JJ008;s__,94.8,0.74,4036334,11
Mari_18-Q3-R65-66_BAT3C.341_fly.fa,d__Bacteria;p__Patescibacteria;c__ABY1;o__BM507;f__UBA917;g__UBA919;s__,65.84,0.99,938851,1
Mari_18-Q3-R65-66_BAT3C.366.fa,d__Bacteria;p__Proteobacteria;c__Gammaproteobacteria;o__Methylococcales;f__Methylomonadaceae;g__Methyloglobulus;s__,97.81,0.63,4218761,18
Mari_18-Q3-R65-66_BAT3C.374.fa,d__Bacteria;p__Bacteroidota;c__Bacteroidia;o__Chitinophagales;f__Chitinophagaceae;g__Ferruginibacter;s__,95.57,1.26,4255639,12
Mari_18-Q3-R65-66_BAT3C.397.fa,d__Bacteria;p__Bacteroidota;c__Bacteroidia;o__Flavobacteriales;f__PHOS-HE28;g__PHOS-HE28;s__,100,0.54,3679454,5
Mari_18-Q3-R65-66_BAT3C.41.fa,d__Bacteria;p__Actinobacteriota;c__Actinobacteria;o__Actinomycetales;f__Dermatophilaceae;g__GCA-2748155;s__,96.22,2.16,3282635,12
Mari_18-Q3-R65-66_BATAC.295.fa,d__Bacteria;p__Gemmatimonadota;c__Gemmatimonadetes;o__Gemmatimonadales;f__Gemmatimonadaceae;g__SCN-70-22;s__,98.9,1.1,6649145,50
Mari_18-Q3-R65-66_BATAC.305.fa,d__Bacteria;p__Bacteroidota;c__Bacteroidia;o__Chitinophagales;f__Saprospiraceae;g__;s__,96.04,0,4318063,36
Mari_18-Q3-R65-66_BATAC.348.fa,d__Bacteria;p__Actinobacteriota;c__Actinobacteria;o__Nanopelagicales;f__UBA10799;g__;s__,91.09,1.62,3098272,38
Mari_18-Q3-R65-66_BATAC.397.fa,d__Bacteria;p__Proteobacteria;c__Gammaproteobacteria;o__Burkholderiales;f__Burkholderiaceae;g__Rhodoferax;s__,95.61,2.34,5460314,58
Mari_18-Q3-R65-66_MAXAC.024.fa,d__Bacteria;p__Bacteroidota;c__Bacteroidia;o__Chitinophagales;f__Chitinophagaceae;g__JJ008;s__,98.28,0.49,3707106,16
Mari_18-Q3-R65-66_MAXAC.029.fa,d__Bacteria;p__Chloroflexota;c__Anaerolineae;o__Anaerolineales;f__envOPS12;g__OLB14;s__,90.83,1.09,4335219,67
Mari_18-Q3-R65-66_MAXAC.049.fa,d__Bacteria;p__Acidobacteriota;c__Holophagae;o__Holophagales;f__Holophagaceae;g__Holophaga;s__,97.86,4.82,3757211,50
Mari_18-Q3-R65-66_MAXAC.219.fa,d__Bacteria;p__Bacteroidota;c__Bacteroidia;o__Bacteroidales;f__vadinHA17;g__LD21;s__,93.62,2.38,5355522,42
Mari_18-Q3-R65-66_MAXAC.224.fa,d__Bacteria;p__Bacteroidota;c__Bacteroidia;o__Bacteroidales;f__vadinHA17;g__LD21;s__,95.52,2.62,4459439,59
Mari_18-Q3-R65-66_MAXAC.226.fa,d__Bacteria;p__Acidobacteriota;c__Blastocatellia;o__Pyrinomonadales;f__Pyrinomonadaceae;g__;s__,96.58,2.61,5677984,16
Mari_18-Q3-R65-66_MAXAC.243_uni.fa,d__Bacteria;p__Patescibacteria;c__Paceibacteria_A;o__Moranbacterales;f__GCA-2747515;g__;s__,70.79,1.98,1186598,1
OdNE_18-Q3-R46-58_BAT3C.189.fa,d__Bacteria;p__Fibrobacterota;c__Fibrobacteria;o__UBA5070;f__UBA5070;g__UBA5070;s__UBA5070 sp002414805,95.54,0,5603226,31
OdNE_18-Q3-R46-58_BAT3C.195.fa,d__Bacteria;p__Bacteroidota;c__Bacteroidia;o__Chitinophagales;f__Saprospiraceae;g__;s__,93.15,2.23,5733329,65
OdNE_18-Q3-R46-58_BAT3C.305.fa,d__Bacteria;p__Proteobacteria;c__Gammaproteobacteria;o__Burkholderiales;f__Rhodocyclaceae;g__Dechloromonas;s__,96.89,4.61,4076926,29
OdNE_18-Q3-R46-58_BAT3C.319.fa,d__Bacteria;p__Bacteroidota;c__Bacteroidia;o__Chitinophagales;f__Saprospiraceae;g__UBA6168;s__,96.2,1.43,8379030,67
OdNE_18-Q3-R46-58_BAT3C.415.fa,d__Bacteria;p__Proteobacteria;c__Gammaproteobacteria;o__Burkholderiales;f__Rhodocyclaceae;g__Accumulibacter;s__,95.26,0.98,4325360,62
OdNE_18-Q3-R46-58_BAT3C.84.fa,d__Bacteria;p__Bacteroidota;c__Bacteroidia;o__Chitinophagales;f__Saprospiraceae;g__;s__,98.27,3.3,5007007,14
OdNE_18-Q3-R46-58_BATAC.16.fa,d__Bacteria;p__Bacteroidota;c__Bacteroidia;o__Flavobacteriales;f__Flavobacteriaceae;g__Flavobacterium;s__,93.71,1.14,3074711,33
OdNE_18-Q3-R46-58_BATAC.193.fa,d__Bacteria;p__Acidobacteriota;c__Thermoanaerobaculia;o__UBA5066;f__UBA5066;g__UBA5066;s__,96.15,2.14,6725827,36
OdNE_18-Q3-R46-58_BATAC.286.fa,d__Bacteria;p__Proteobacteria;c__Alphaproteobacteria;o__Sphingomonadales;f__Sphingomonadaceae;g__UBA1936;s__,97.17,1.09,3712534,18
OdNE_18-Q3-R46-58_BATAC.302.fa,d__Bacteria;p__Bacteroidota;c__Bacteroidia;o__Chitinophagales;f__Saprospiraceae;g__OLB9;s__,97.28,2.97,5560406,68
OdNE_18-Q3-R46-58_BATAC.404.fa,d__Bacteria;p__Bacteroidota;c__Bacteroidia;o__Chitinophagales;f__Saprospiraceae;g__OLB9;s__,95.67,0.83,4135579,47
OdNE_18-Q3-R46-58_BATAC.493.fa,d__Bacteria;p__Elusimicrobiota;c__Elusimicrobia;o__F11;f__FEN-1173;g__;s__,92.7,1.12,2948697,38
OdNE_18-Q3-R46-58_MAXAC.008.fa,d__Bacteria;p__Acidobacteriota;c__Holophagae;o__Holophagales;f__Holophagaceae;g__Geothrix;s__,96.44,2.19,3466241,35
OdNE_18-Q3-R46-58_MAXAC.011.fa,d__Bacteria;p__Proteobacteria;c__Gammaproteobacteria;o__Chromatiales;f__Chromatiaceae;g__;s__,97.98,1.38,4482196,12
OdNE_18-Q3-R46-58_MAXAC.028.fa,d__Bacteria;p__Bacteroidota;c__Bacteroidia;o__Chitinophagales;f__UBA2359;g__;s__,91.33,2.46,6455296,115
OdNE_18-Q3-R46-58_MAXAC.036.fa,d__Bacteria;p__Bacteroidota;c__Bacteroidia;o__;f__;g__;s__,98.36,2.73,7698138,73
OdNE_18-Q3-R46-58_MAXAC.070.fa,d__Bacteria;p__Bacteroidota;c__Bacteroidia;o__AKYH767;f__UBA4408;g__UBA4408;s__,99.05,0,4113343,12
OdNE_18-Q3-R46-58_MAXAC.100_sub.fa,d__Bacteria;p__Bacteroidota;c__Bacteroidia;o__Flavobacteriales;f__PHOS-HE28;g__PHOS-HE28;s__,94.89,3.36,4418112,60
OdNE_18-Q3-R46-58_MAXAC.223.fa,d__Bacteria;p__Bacteroidota;c__Bacteroidia;o__Chitinophagales;f__Saprospiraceae;g__Haliscomenobacter;s__,93.94,3.54,7049289,155
OdNE_18-Q3-R46-58_MAXAC.230.fa,d__Bacteria;p__Proteobacteria;c__Gammaproteobacteria;o__Xanthomonadales;f__Xanthomonadaceae;g__Aquimonas;s__,97.85,3.58,5335540,46
OdNW_18-Q3-R42-56_BAT3C.134_sub.fa,d__Bacteria;p__Myxococcota;c__Myxococcia;o__Myxococcales;f__Anaeromyxobacteraceae;g__Anaeromyxobacter;s__,98.71,0.32,5216902,18
OdNW_18-Q3-R42-56_BAT3C.215.fa,d__Bacteria;p__Proteobacteria;c__Gammaproteobacteria;o__Burkholderiales;f__Rhodocyclaceae;g__;s__,95.87,2.42,3534522,3
OdNW_18-Q3-R42-56_BAT3C.227.fa,d__Bacteria;p__Bacteroidota;c__Bacteroidia;o__Chitinophagales;f__Saprospiraceae;g__;s__,93.04,0.5,3113177,4
OdNW_18-Q3-R42-56_BAT3C.399.fa,d__Bacteria;p__Proteobacteria;c__Gammaproteobacteria;o__Burkholderiales;f__Burkholderiaceae;g__Rhodoferax;s__,96.27,1.17,4871556,42
OdNW_18-Q3-R42-56_BATAC.277.fa,d__Bacteria;p__Proteobacteria;c__Gammaproteobacteria;o__Pseudomonadales;f__UBA5518;g__UBA5518;s__,95.2,3.21,4988864,14
OdNW_18-Q3-R42-56_BATAC.352.fa,d__Bacteria;p__Bacteroidota;c__Bacteroidia;o__Bacteroidales;f__UBA1715;g__;s__,90.05,2.24,5037108,51
OdNW_18-Q3-R42-56_BATAC.378.fa,d__Bacteria;p__Chloroflexota;c__Anaerolineae;o__Anaerolineales;f__envOPS12;g__OLB14;s__,96.06,4.55,4941904,41
OdNW_18-Q3-R42-56_BATAC.385.fa,d__Bacteria;p__Bacteroidota;c__Bacteroidia;o__Flavobacteriales;f__Flavobacteriaceae;g__Flavobacterium;s__,90.92,1.18,2907169,27
OdNW_18-Q3-R42-56_BATAC.438.fa,d__Bacteria;p__Bacteroidota;c__Bacteroidia;o__AKYH767-A;f__OLB10;g__;s__,96.43,1.83,4590894,19
OdNW_18-Q3-R42-56_BATAC.48.fa,d__Bacteria;p__Chloroflexota;c__Anaerolineae;o__Thermoflexales;f__;g__;s__,91.03,0,4628329,28
OdNW_18-Q3-R42-56_BATAC.488.fa,d__Bacteria;p__Proteobacteria;c__Alphaproteobacteria;o__Caulobacterales;f__Hyphomonadaceae;g__UBA7672;s__,98.12,3.13,4428533,27
OdNW_18-Q3-R42-56_BATAC.52.fa,d__Bacteria;p__Cyanobacteria;c__Vampirovibrionia;o__Obscuribacterales;f__Obscuribacteraceae;g__Obscuribacter;s__,95.73,3.13,6089269,16
OdNW_18-Q3-R42-56_MAXAC.029.fa,d__Bacteria;p__Proteobacteria;c__Gammaproteobacteria;o__Burkholderiales;f__Rhodocyclaceae;g__Uliginosibacterium;s__,95.56,0.97,4021400,29
OdNW_18-Q3-R42-56_MAXAC.037.fa,d__Bacteria;p__Chloroflexota;c__Anaerolineae;o__Anaerolineales;f__envOPS12;g__OLB14;s__,91.82,0.91,5057985,28
OdNW_18-Q3-R42-56_MAXAC.048.fa,d__Bacteria;p__Bacteroidota;c__Bacteroidia;o__Chitinophagales;f__Saprospiraceae;g__OLB9;s__,94.06,2.23,5667369,40
OdNW_18-Q3-R42-56_MAXAC.118.fa,d__Bacteria;p__Proteobacteria;c__Gammaproteobacteria;o__Burkholderiales;f__Rhodocyclaceae;g__;s__,95.85,3.32,3541950,13
OdNW_18-Q3-R42-56_MAXAC.155.fa,d__Bacteria;p__Acidobacteriota;c__Blastocatellia;o__Pyrinomonadales;f__Pyrinomonadaceae;g__OLB17;s__,95.73,2.56,3913344,20
OdNW_18-Q3-R42-56_MAXAC.195.fa,d__Bacteria;p__Bacteroidota;c__Bacteroidia;o__Chitinophagales;f__Chitinophagaceae;g__Ferruginibacter;s__,99.01,2.46,3952267,10
Rand_18-Q3-R56-63_BAT3C.105_sub.fa,d__Bacteria;p__Proteobacteria;c__Gammaproteobacteria;o__Burkholderiales;f__Burkholderiaceae;g__Rhodoferax;s__,97.1,1.85,4989872,47
Rand_18-Q3-R56-63_BAT3C.147_cln.fa,d__Bacteria;p__Bacteroidota;c__Bacteroidia;o__Chitinophagales;f__Chitinophagaceae;g__Ferruginibacter;s__Ferruginibacter sp002381005,99.01,0,3045945,1
Rand_18-Q3-R56-63_BAT3C.178.fa,d__Bacteria;p__Bacteroidota;c__Bacteroidia;o__Chitinophagales;f__BACL12;g__UBA7236;s__,97.29,2.59,4589214,19
Rand_18-Q3-R56-63_BAT3C.326.fa,d__Bacteria;p__Proteobacteria;c__Alphaproteobacteria;o__Micavibrionales;f__Micavibrionaceae;g__UBA7657;s__UBA7657 sp002483465,93.48,2.39,2124850,11
Rand_18-Q3-R56-63_BAT3C.341.fa,d__Bacteria;p__Proteobacteria;c__Alphaproteobacteria;o__Micavibrionales;f__Micavibrionaceae;g__;s__,93.05,2.03,2843755,4
Rand_18-Q3-R56-63_BATAC.171.fa,d__Bacteria;p__Proteobacteria;c__Gammaproteobacteria;o__Burkholderiales;f__Palsa-1005;g__PALSA-1005;s__,96.94,1.97,5828889,80
Rand_18-Q3-R56-63_BATAC.320.fa,d__Bacteria;p__Bacteroidota;c__Bacteroidia;o__AKYH767-A;f__OLB10;g__;s__,98.65,3.76,4177751,51
Rand_18-Q3-R56-63_BATAC.6.fa,d__Bacteria;p__Bacteroidota;c__Bacteroidia;o__Chitinophagales;f__Saprospiraceae;g__;s__,94.17,0.3,4729369,32
Rand_18-Q3-R56-63_BATAC.88.fa,d__Bacteria;p__Proteobacteria;c__Gammaproteobacteria;o__Xanthomonadales;f__SZUA-5;g__;s__,91.41,4.14,5465566,112
Rand_18-Q3-R56-63_MAXAC.001.fa,d__Bacteria;p__Myxococcota;c__UBA796;o__UBA796;f__;g__;s__,91.45,2.58,7159636,132
Rand_18-Q3-R56-63_MAXAC.058.fa,d__Bacteria;p__Proteobacteria;c__Gammaproteobacteria;o__Burkholderiales;f__Nitrosomonadaceae;g__Nitrosomonas;s__,96.07,4.07,3218562,51
Ribe_18-Q3-R11-54_BAT3C.101.fa,d__Bacteria;p__Actinobacteriota;c__Actinobacteria;o__Propionibacteriales;f__Propionibacteriaceae;g__;s__,96.59,1.04,3041517,13
Ribe_18-Q3-R11-54_BAT3C.183.fa,d__Bacteria;p__Chloroflexota;c__Chloroflexia;o__Chloroflexales;f__Roseiflexaceae;g__Kouleothrix;s__,98.27,4.15,8174342,19
Ribe_18-Q3-R11-54_BAT3C.271.fa,d__Bacteria;p__Bacteroidota;c__Bacteroidia;o__Chitinophagales;f__UBA10324;g__;s__,98.36,0,4884337,5
Ribe_18-Q3-R11-54_BAT3C.3.fa,d__Bacteria;p__Bacteroidota;c__Bacteroidia;o__AKYH767-A;f__OLB10;g__;s__,94.74,1.83,5321505,55
Ribe_18-Q3-R11-54_BAT3C.388.fa,d__Bacteria;p__Bacteroidota;c__Bacteroidia;o__Chitinophagales;f__Saprospiraceae;g__UBA3362;s__,98.6,0,4204689,3
Ribe_18-Q3-R11-54_BAT3C.418.fa,d__Bacteria;p__Bacteroidota;c__Bacteroidia;o__Flavobacteriales;f__PHOS-HE28;g__PHOS-HE28;s__,96.42,2.15,4360198,41
Ribe_18-Q3-R11-54_BAT3C.65.fa,d__Bacteria;p__Actinobacteriota;c__Actinobacteria;o__Actinomycetales;f__Dermatophilaceae;g__GCA-2748155;s__,94.59,0.54,3509479,4
Ribe_18-Q3-R11-54_BAT3C.87.fa,d__Bacteria;p__Bacteroidota;c__Bacteroidia;o__Flavobacteriales;f__PHOS-HE28;g__PHOS-HE28;s__,96.33,2.42,4031345,38
Ribe_18-Q3-R11-54_BATAC.253.fa,d__Bacteria;p__Chloroflexota;c__Anaerolineae;o__SBR1031;f__A4b;g__OLB15;s__,96.36,0.91,7801835,20
Ribe_18-Q3-R11-54_BATAC.261.fa,d__Bacteria;p__Bacteroidota;c__Bacteroidia;o__Chitinophagales;f__Saprospiraceae;g__OLB9;s__,96.04,2.89,5246444,77
Ribe_18-Q3-R11-54_BATAC.412.fa,d__Bacteria;p__Actinobacteriota;c__Actinobacteria;o__Nanopelagicales;f__S36-B12;g__UBA10649;s__,91.07,0.53,3883847,20
Ribe_18-Q3-R11-54_BATAC.507.fa,d__Bacteria;p__Bacteroidota;c__Bacteroidia;o__Chitinophagales;f__Saprospiraceae;g__OLB9;s__,90.22,0.66,4357223,58
Ribe_18-Q3-R11-54_BATAC.540_fly.fa,d__Bacteria;p__Patescibacteria;c__Saccharimonadia;o__Saccharimonadales;f__SZUA-47;g__;s__,64.35,0.93,988272,1
Ribe_18-Q3-R11-54_BATAC.612.fa,d__Bacteria;p__Bacteroidota;c__Bacteroidia;o__Chitinophagales;f__Saprospiraceae;g__OLB9;s__,95.05,0.5,5016865,31
Ribe_18-Q3-R11-54_BATAC.650.fa,d__Bacteria;p__Nitrospirota;c__Nitrospiria;o__Nitrospirales;f__Nitrospiraceae;g__Nitrospira_A;s__Nitrospira_A sp900170025,97.67,1.82,4319841,32
Ribe_18-Q3-R11-54_MAXAC.005.fa,d__Bacteria;p__Bacteroidota;c__Bacteroidia;o__Chitinophagales;f__Saprospiraceae;g__UBA3362;s__,90.84,0.52,3810167,40
Ribe_18-Q3-R11-54_MAXAC.030.fa,d__Bacteria;p__Proteobacteria;c__Gammaproteobacteria;o__Burkholderiales;f__Rhodocyclaceae;g__Dechloromonas;s__Dechloromonas sp002396525,99.21,0.83,4726453,7
Ribe_18-Q3-R11-54_MAXAC.096_cln.fa,d__Bacteria;p__Bacteroidota;c__Kapabacteria;o__OLB7;f__OLB7;g__;s__,97.7,0.73,3152895,1
Ribe_18-Q3-R11-54_MAXAC.200.fa,d__Bacteria;p__Nitrospirota;c__Nitrospiria;o__Nitrospirales;f__Nitrospiraceae;g__Nitrospira;s__Nitrospira sp002254365,96.76,2.73,4769874,8
Ribe_18-Q3-R11-54_MAXAC.235.fa,d__Bacteria;p__Chloroflexota;c__Chloroflexia;o__Chloroflexales;f__Roseiflexaceae;g__Kouleothrix;s__,99.21,2.08,7093236,4
Ribe_18-Q3-R11-54_MAXAC.269.fa,d__Bacteria;p__Planctomycetota;c__UBA8742;o__UBA2392;f__UBA2392;g__;s__,91.41,4.55,3863223,6
Ribe_18-Q3-R11-54_MAXAC.273.fa,d__Bacteria;p__Bacteroidota;c__Bacteroidia;o__Chitinophagales;f__Saprospiraceae;g__;s__,98.51,4.95,6104184,35
Skiv_18-Q3-R9-52_BAT3C.106.fa,d__Bacteria;p__Actinobacteriota;c__Acidimicrobiia;o__Microtrichales;f__Ilumatobacteraceae;g__UBA668;s__UBA668 sp002299395,94.59,1.28,4382042,28
Skiv_18-Q3-R9-52_BAT3C.155.fa,d__Bacteria;p__Verrucomicrobiota;c__Verrucomicrobiae;o__Opitutales;f__Opitutaceae;g__HZ-65;s__,92.82,0.68,4039480,44
Skiv_18-Q3-R9-52_BAT3C.176.fa,d__Bacteria;p__Proteobacteria;c__Gammaproteobacteria;o__Burkholderiales;f__Burkholderiaceae;g__PHCI01;s__,99.38,0.96,4224611,15
Skiv_18-Q3-R9-52_BAT3C.180.fa,d__Bacteria;p__Proteobacteria;c__Gammaproteobacteria;o__Burkholderiales;f__Nitrosomonadaceae;g__Nitrosomonas;s__,91.61,0.4,3244305,54
Skiv_18-Q3-R9-52_BAT3C.188_fly.fa,d__Bacteria;p__Patescibacteria;c__Saccharimonadia;o__Saccharimonadales;f__Saccharimonadaceae;g__Saccharimonas;s__Saccharimonas aalborgensis,67.13,0.93,1006672,1
Skiv_18-Q3-R9-52_BAT3C.266.fa,d__Bacteria;p__Bacteroidota;c__Bacteroidia;o__Chitinophagales;f__Saprospiraceae;g__;s__,93.81,1.73,5354596,37
Skiv_18-Q3-R9-52_BAT3C.268.fa,d__Bacteria;p__Bacteroidota;c__Bacteroidia;o__Flavobacteriales;f__PHOS-HE28;g__PHOS-HE28;s__,90.59,0.54,3886567,6
Skiv_18-Q3-R9-52_BAT3C.331.fa,d__Bacteria;p__Proteobacteria;c__Gammaproteobacteria;o__Xanthomonadales;f__Ahniellaceae;g__0-14-3-00-62-12;s__,98.98,2.87,3873792,13
Skiv_18-Q3-R9-52_BAT3C.440.fa,d__Bacteria;p__Bacteroidota;c__Bacteroidia;o__Flavobacteriales;f__Flavobacteriaceae;g__Flavobacterium;s__,98.65,1.2,3316408,20
Skiv_18-Q3-R9-52_BAT3C.489.fa,d__Bacteria;p__Bacteroidota;c__Bacteroidia;o__Chitinophagales;f__Chitinophagaceae;g__Ferruginibacter;s__,97.54,0,3581485,6
Skiv_18-Q3-R9-52_BAT3C.50.fa,d__Bacteria;p__Bacteroidota;c__Bacteroidia;o__AKYH767;f__UBA4408;g__UBA4408;s__,99.05,0.24,4625838,4
Skiv_18-Q3-R9-52_BATAC.164.fa,d__Bacteria;p__Elusimicrobiota;c__Elusimicrobia;o__F11;f__FEN-1173;g__;s__,97.75,1.12,2847031,4
Skiv_18-Q3-R9-52_BATAC.176.fa,d__Bacteria;p__Proteobacteria;c__Gammaproteobacteria;o__Burkholderiales;f__Gallionellaceae;g__UBA7399;s__,91.31,1.41,2750001,38
Skiv_18-Q3-R9-52_BATAC.286.fa,d__Bacteria;p__AABM5-125-24;c__;o__;f__;g__;s__,94.99,0,3716885,62
Skiv_18-Q3-R9-52_BATAC.318.fa,d__Bacteria;p__Proteobacteria;c__Gammaproteobacteria;o__Burkholderiales;f__Burkholderiaceae;g__JOSHI-001;s__,99.07,2.41,6889819,40
Skiv_18-Q3-R9-52_BATAC.354.fa,d__Bacteria;p__Bacteroidota;c__Bacteroidia;o__AKYH767-A;f__OLB10;g__;s__,92.92,0.4,4245369,49
Skiv_18-Q3-R9-52_BATAC.396.fa,d__Bacteria;p__Acidobacteriota;c__Acidobacteriae;o__Bryobacterales;f__Bryobacteraceae;g__UBA690;s__,99.13,3.48,7693013,47
Skiv_18-Q3-R9-52_BATAC.474.fa,d__Bacteria;p__Bacteroidota;c__Bacteroidia;o__Chitinophagales;f__Chitinophagaceae;g__Ferruginibacter;s__,92.1,1.26,3319664,11
Skiv_18-Q3-R9-52_BATAC.703.fa,d__Bacteria;p__Bacteroidota;c__Bacteroidia;o__AKYH767-A;f__2013-40CM-41-45;g__;s__,92.38,1.14,4206105,26
Skiv_18-Q3-R9-52_MAXAC.043.fa,d__Bacteria;p__Chloroflexota;c__Anaerolineae;o__Anaerolineales;f__envOPS12;g__OLB14;s__,90,1.82,4491201,21
Skiv_18-Q3-R9-52_MAXAC.067.fa,d__Bacteria;p__Acidobacteriota;c__Holophagae;o__Holophagales;f__Holophagaceae;g__Geothrix;s__,98.03,2.38,3749529,13
Skiv_18-Q3-R9-52_MAXAC.078_sub.fa,d__Bacteria;p__Proteobacteria;c__Gammaproteobacteria;o__Burkholderiales;f__Rhodocyclaceae;g__Dechloromonas;s__,94.72,2.11,4220355,18
Skiv_18-Q3-R9-52_MAXAC.081.fa,d__Bacteria;p__Bacteroidota;c__Bacteroidia;o__Chitinophagales;f__;g__;s__,97.78,3.05,3713494,26
Skiv_18-Q3-R9-52_MAXAC.090.fa,d__Bacteria;p__Bacteroidota;c__Bacteroidia;o__Cytophagales;f__Spirosomaceae;g__Leadbetterella;s__,98.66,0.6,4999500,6
Skiv_18-Q3-R9-52_MAXAC.125.fa,d__Bacteria;p__Bacteroidota;c__Bacteroidia;o__AKYH767;f__2-12-FULL-35-15;g__2-12-FULL-35-15;s__,98.62,1.43,4026402,7
Skiv_18-Q3-R9-52_MAXAC.174.fa,d__Bacteria;p__Chloroflexota;c__Anaerolineae;o__Anaerolineales;f__envOPS12;g__UBA12294;s__,99.09,1.09,5022719,2
Skiv_18-Q3-R9-52_MAXAC.177.fa,d__Bacteria;p__Proteobacteria;c__Alphaproteobacteria;o__Dongiales;f__Dongiaceae;g__;s__,90.83,2.18,1889470,14
Skiv_18-Q3-R9-52_MAXAC.212.fa,d__Bacteria;p__Elusimicrobiota;c__Elusimicrobia;o__F11;f__FEN-1173;g__;s__,96.63,1.12,2784977,9
Skiv_18-Q3-R9-52_MAXAC.254.fa,d__Bacteria;p__Bacteroidota;c__Bacteroidia;o__Flavobacteriales;f__UA16;g__;s__,93.48,2.69,4358389,41
Skiv_18-Q3-R9-52_MAXAC.287.fa,d__Bacteria;p__Bacteroidota;c__Bacteroidia;o__AKYH767-A;f__OLB10;g__;s__,93.33,4.68,4903003,35
Skiv_18-Q3-R9-52_MAXAC.311.fa,d__Bacteria;p__Bacteroidota;c__Bacteroidia;o__Chitinophagales;f__Chitinophagaceae;g__Ferruginibacter;s__,96.67,0.49,5106386,13
Skiv_18-Q3-R9-52_MAXAC.332.fa,d__Bacteria;p__Proteobacteria;c__Alphaproteobacteria;o__Rickettsiales;f__;g__;s__,100,2.2,3294490,31
Vibo_18-Q3-R45-57_BAT3C.117_fly.fa,d__Bacteria;p__Patescibacteria;c__Saccharimonadia;o__Saccharimonadales;f__UBA4665;g__GCA-2746885;s__,73.08,0.85,1256494,1
Vibo_18-Q3-R45-57_BAT3C.142.fa,d__Bacteria;p__Proteobacteria;c__Gammaproteobacteria;o__Pseudomonadales;f__Moraxellaceae;g__Agitococcus;s__Agitococcus sp002333125,95.54,1.16,3065421,26
Vibo_18-Q3-R45-57_BAT3C.148.fa,d__Bacteria;p__Bacteroidota;c__Bacteroidia;o__Chitinophagales;f__LD1;g__Bog-950;s__,95.44,0.49,3551716,17
Vibo_18-Q3-R45-57_BAT3C.161.fa,d__Bacteria;p__Acidobacteriota;c__Holophagae;o__Holophagales;f__Holophagaceae;g__;s__,95.61,2.63,3629636,9
Vibo_18-Q3-R45-57_BAT3C.204_sub.fa,d__Bacteria;p__Bacteroidota;c__Bacteroidia;o__Chitinophagales;f__Chitinophagaceae;g__UBA3961;s__,96,4.35,5335591,65
Vibo_18-Q3-R45-57_BAT3C.98.fa,d__Bacteria;p__Proteobacteria;c__Gammaproteobacteria;o__Xanthomonadales;f__Rhodanobacteraceae;g__Dokdonella;s__,98.85,2.67,4378333,13
Vibo_18-Q3-R45-57_BATAC.153.fa,d__Bacteria;p__Bacteroidota;c__Bacteroidia;o__Flavobacteriales;f__PHOS-HE28;g__PHOS-HE28;s__,99.46,4.19,4505303,19
Vibo_18-Q3-R45-57_BATAC.209.fa,d__Bacteria;p__Bacteroidota;c__Bacteroidia;o__AKYH767-A;f__2013-40CM-41-45;g__;s__,97.38,1.11,4699961,7
Vibo_18-Q3-R45-57_BATAC.224.fa,d__Bacteria;p__Proteobacteria;c__Gammaproteobacteria;o__Burkholderiales;f__UKL13-2;g__UKL13-2;s__,96.42,2.02,5470159,40
Vibo_18-Q3-R45-57_BATAC.273.fa,d__Bacteria;p__Gemmatimonadota;c__Gemmatimonadetes;o__Gemmatimonadales;f__Gemmatimonadaceae;g__;s__,97.25,2.2,5297120,39
Vibo_18-Q3-R45-57_BATAC.298.fa,d__Bacteria;p__Proteobacteria;c__Gammaproteobacteria;o__Burkholderiales;f__UKL13-2;g__FEB-7;s__,99.31,1.9,4266983,6
Vibo_18-Q3-R45-57_BATAC.411.fa,d__Bacteria;p__Bacteroidota;c__Bacteroidia;o__Chitinophagales;f__Chitinophagaceae;g__JJ008;s__,93.19,0,4296395,28
Vibo_18-Q3-R45-57_BATAC.435.fa,d__Bacteria;p__Bacteroidota;c__SZUA-365;o__SZUA-365;f__SZUA-365;g__;s__,90.69,3.28,4990617,31
Vibo_18-Q3-R45-57_BATAC.458_cln.fa,d__Bacteria;p__Bacteroidota;c__Bacteroidia;o__Flavobacteriales;f__PHOS-HE28;g__PHOS-HE28;s__PHOS-HE28 sp002396605,100,0,3851287,1
Vibo_18-Q3-R45-57_BATAC.460.fa,d__Bacteria;p__Bacteroidota;c__Bacteroidia;o__Chitinophagales;f__Chitinophagaceae;g__Ferruginibacter;s__,96.06,0.99,3964827,13
Vibo_18-Q3-R45-57_BATAC.481.fa,d__Bacteria;p__Gemmatimonadota;c__Gemmatimonadetes;o__Gemmatimonadales;f__GWC2-71-9;g__Palsa-1233;s__,97.8,2.2,3506143,16
Vibo_18-Q3-R45-57_MAXAC.049.fa,d__Bacteria;p__Bacteroidota;c__Bacteroidia;o__Chitinophagales;f__Chitinophagaceae;g__JJ008;s__,99.51,2.5,5277916,23
Vibo_18-Q3-R45-57_MAXAC.065.fa,d__Bacteria;p__Acidobacteriota;c__Blastocatellia;o__Pyrinomonadales;f__Pyrinomonadaceae;g__OLB17;s__,97.44,1.76,4036661,8
Vibo_18-Q3-R45-57_MAXAC.072.fa,d__Bacteria;p__Proteobacteria;c__Gammaproteobacteria;o__Burkholderiales;f__Rhodocyclaceae;g__Zoogloea;s__,92,1.45,4052277,66
Vibo_18-Q3-R45-57_MAXAC.083.fa,d__Bacteria;p__Bacteroidota;c__Bacteroidia;o__AKYH767-A;f__2013-40CM-41-45;g__;s__,96.67,0.16,4384856,33
Vibo_18-Q3-R45-57_MAXAC.086_sub.fa,d__Bacteria;p__Bacteroidota;c__Bacteroidia;o__Chitinophagales;f__Saprospiraceae;g__;s__,93.55,0,3430540,29
Vibo_18-Q3-R45-57_MAXAC.177.fa,d__Bacteria;p__Bacteroidota;c__Bacteroidia;o__Chitinophagales;f__Chitinophagaceae;g__JJ008;s__,97.03,0.99,3521488,16
Vibo_18-Q3-R45-57_MAXAC.190.fa,d__Bacteria;p__Myxococcota;c__Polyangia;o__Haliangiales;f__Haliangiaceae;g__;s__,96.88,3.39,10125364,79
Vibo_18-Q3-R45-57_MAXAC.200.fa,d__Bacteria;p__Bacteroidota;c__Bacteroidia;o__Chitinophagales;f__Chitinophagaceae;g__JJ008;s__,99.51,0,3489940,13
Viby_18-Q3-R106-67_BAT3C.149.fa,d__Bacteria;p__Myxococcota;c__Polyangia;o__Polyangiales;f__Polyangiaceae;g__;s__,90.12,2.74,7433625,38
Viby_18-Q3-R106-67_BAT3C.260.fa,d__Bacteria;p__Acidobacteriota;c__Holophagae;o__Holophagales;f__Holophagaceae;g__;s__,99.12,1.75,3523586,4
Viby_18-Q3-R106-67_BAT3C.52.fa,d__Bacteria;p__Actinobacteriota;c__Acidimicrobiia;o__Microtrichales;f__Microtrichaceae;g__Microthrix;s__Microthrix parvicella,94.87,0.85,4007997,20
Viby_18-Q3-R106-67_BAT3C.83.fa,d__Bacteria;p__Proteobacteria;c__Gammaproteobacteria;o__Burkholderiales;f__Palsa-1005;g__PALSA-1003;s__,97.21,1.3,4158752,17
Viby_18-Q3-R106-67_BAT3C.94.fa,d__Bacteria;p__Desulfuromonadota;c__Desulfuromonadia;o__Geobacterales;f__Pelobacteraceae;g__;s__,98.06,1.29,3285890,17
Viby_18-Q3-R106-67_BATAC.53.fa,d__Bacteria;p__Proteobacteria;c__Gammaproteobacteria;o__Xanthomonadales;f__Xanthomonadaceae;g__Thermomonas;s__,98.68,0.93,2659794,7
