user_genome	classification	fastani_reference	fastani_reference_radius	fastani_taxonomy	fastani_ani	fastani_af	closest_placement_reference	closest_placement_taxonomy	closest_placement_ani	closest_placement_af	pplacer_taxonomy	classification_method	note	other_related_references(genome_id,species_name,radius,ANI,AF)	aa_percent	translation_table	red_value	warnings
mcfa96-bins-bin.12	d__Bacteria;p__Firmicutes;c__Bacilli;o__Lactobacillales;f__Lactobacillaceae;g__Lactobacillus_H;s__Lactobacillus_H mucosae	GCF_001436025.1	95.0	d__Bacteria;p__Firmicutes;c__Bacilli;o__Lactobacillales;f__Lactobacillaceae;g__Lactobacillus_H;s__Lactobacillus_H mucosae	96.75	0.88	GCF_001436025.1	d__Bacteria;p__Firmicutes;c__Bacilli;o__Lactobacillales;f__Lactobacillaceae;g__Lactobacillus_H;s__Lactobacillus_H mucosae	96.75	0.88	d__Bacteria;p__Firmicutes;c__Bacilli;o__Lactobacillales;f__Lactobacillaceae;g__Lactobacillus_H;s__	ANI/Placement	topological placement and ANI have congruent species assignments	GCF_001435345.1, s__Lactobacillus_H pontis, 95.0, 79.15, 0.15; GCF_000160835.1, s__Lactobacillus_H antri, 95.0, 78.79, 0.14; GCF_900156885.1, s__Lactobacillus_H sp900156885, 95.0, 78.76, 0.11; GCF_002940945.1, s__Lactobacillus_H pontis_A, 95.0, 78.71, 0.12; GCF_000161935.1, s__Lactobacillus_H coleohominis, 95.0, 78.68, 0.12; GCF_000159215.1, s__Lactobacillus_H fermentum, 95.0, 78.65, 0.14; GCF_002871555.1, s__Lactobacillus_H vaginalis_A, 95.0, 78.48, 0.11; GCF_001437055.1, s__Lactobacillus_H secaliphilus, 95.0, 78.45, 0.16; GCA_003072625.1, s__Lactobacillus_H reuteri_D, 95.0, 78.39, 0.11; GCF_001434465.1, s__Lactobacillus_H oris, 95.0, 78.34, 0.14; GCF_001436045.1, s__Lactobacillus_H frumenti, 95.0, 78.34, 0.12; GCF_000159435.1, s__Lactobacillus_H vaginalis, 95.0, 78.29, 0.13; GCF_900240275.1, s__Lactobacillus_H timonensis, 95.0, 78.28, 0.11; GCF_001435935.1, s__Lactobacillus_H panis, 95.0, 78.24, 0.13; GCF_001293735.1, s__Lactobacillus_H gorillae, 95.0, 78.11, 0.13; GCF_000016825.1, s__Lactobacillus_H reuteri, 95.0, 77.93, 0.11; GCF_001435775.1, s__Lactobacillus_H ingluviei, 95.0, 77.89, 0.13; GCA_002299975.1, s__Lactobacillus_H sp002299975, 95.0, 77.82, 0.09	96.69	11	N/A	N/A
mcfa120-bins-bin.29	d__Bacteria;p__Firmicutes;c__Bacilli;o__Lactobacillales;f__Lactobacillaceae;g__Lactobacillus_G;s__Lactobacillus_G buchneri	GCF_001434735.1	95.0	d__Bacteria;p__Firmicutes;c__Bacilli;o__Lactobacillales;f__Lactobacillaceae;g__Lactobacillus_G;s__Lactobacillus_G buchneri	97.3	0.9	GCF_001434735.1	d__Bacteria;p__Firmicutes;c__Bacilli;o__Lactobacillales;f__Lactobacillaceae;g__Lactobacillus_G;s__Lactobacillus_G buchneri	97.3	0.9	d__Bacteria;p__Firmicutes;c__Bacilli;o__Lactobacillales;f__Lactobacillaceae;g__Lactobacillus_G;s__	ANI/Placement	topological placement and ANI have congruent species assignments	GCF_002157585.1, s__Lactobacillus_G parakefiri, 95.0, 85.49, 0.75; GCF_001434145.1, s__Lactobacillus_G otakiensis, 95.0, 83.13, 0.68; GCF_001435575.1, s__Lactobacillus_G sunkii, 95.0, 82.17, 0.64; GCA_001311745.1, s__Lactobacillus_G kefiri, 95.0, 82.16, 0.57; GCF_001435315.1, s__Lactobacillus_G parabuchneri, 95.0, 81.16, 0.62; GCF_001435895.1, s__Lactobacillus_G parafarraginis, 95.0, 79.2, 0.29; GCF_000159315.1, s__Lactobacillus_G hilgardii, 95.0, 78.81, 0.22; GCF_000583655.1, s__Lactobacillus_G farraginis, 95.0, 78.56, 0.2; GCA_001311425.1, s__Lactobacillus_G kisonensis, 95.0, 78.53, 0.27; GCF_001436255.1, s__Lactobacillus_G rapi, 95.0, 78.43, 0.32; GCF_001434255.1, s__Lactobacillus_G diolivorans, 95.0, 78.32, 0.27; GCF_000785105.2, s__Lactobacillus_G curieae, 95.0, 77.88, 0.14; GCF_002217945.1, s__Lactobacillus_G silagei, 95.0, 77.4, 0.08; GCF_002217925.1, s__Lactobacillus_G mixtipabuli, 95.0, 77.36, 0.07; GCA_900411375.1, s__Lactobacillus_G raoultii, 95.0, 77.27, 0.22; GCF_001436555.1, s__Lactobacillus_G senioris, 95.0, 77.19, 0.12; GCF_001311075.1, s__Lactobacillus_G similis, 95.0, 77.16, 0.05; GCF_002217985.1, s__Lactobacillus_G pentosiphilus, 95.0, 77.07, 0.08; GCF_002583405.1, s__Lactobacillus_G silagincola, 95.0, 76.91, 0.08; GCF_001435975.1, s__Lactobacillus_G collinoides, 95.0, 76.83, 0.07; GCA_002418005.1, s__Lactobacillus_G sp002418005, 95.0, 76.77, 0.13	82.74	11	N/A	N/A
mcfa96-bins-bin.8	d__Bacteria;p__Firmicutes;c__Bacilli;o__Lactobacillales;f__Lactobacillaceae;g__Lactobacillus_G;s__Lactobacillus_G hilgardii	GCF_000159315.1	95.0	d__Bacteria;p__Firmicutes;c__Bacilli;o__Lactobacillales;f__Lactobacillaceae;g__Lactobacillus_G;s__Lactobacillus_G hilgardii	96.67	0.83	GCF_000159315.1	d__Bacteria;p__Firmicutes;c__Bacilli;o__Lactobacillales;f__Lactobacillaceae;g__Lactobacillus_G;s__Lactobacillus_G hilgardii	96.67	0.83	d__Bacteria;p__Firmicutes;c__Bacilli;o__Lactobacillales;f__Lactobacillaceae;g__Lactobacillus_G;s__	ANI/Placement	topological placement and ANI have congruent species assignments	GCF_000583655.1, s__Lactobacillus_G farraginis, 95.0, 80.73, 0.55; GCA_900411375.1, s__Lactobacillus_G raoultii, 95.0, 80.13, 0.49; GCF_001434735.1, s__Lactobacillus_G buchneri, 95.0, 79.66, 0.25; GCF_002157585.1, s__Lactobacillus_G parakefiri, 95.0, 79.54, 0.27; GCF_001434255.1, s__Lactobacillus_G diolivorans, 95.0, 79.18, 0.33; GCF_001435895.1, s__Lactobacillus_G parafarraginis, 95.0, 79.0, 0.36; GCF_001435315.1, s__Lactobacillus_G parabuchneri, 95.0, 78.94, 0.25; GCA_001311745.1, s__Lactobacillus_G kefiri, 95.0, 78.89, 0.29; GCA_001311425.1, s__Lactobacillus_G kisonensis, 95.0, 78.83, 0.21; GCF_001435575.1, s__Lactobacillus_G sunkii, 95.0, 78.82, 0.28; GCF_001434145.1, s__Lactobacillus_G otakiensis, 95.0, 78.77, 0.27; GCF_001436255.1, s__Lactobacillus_G rapi, 95.0, 78.52, 0.23; GCF_000785105.2, s__Lactobacillus_G curieae, 95.0, 78.51, 0.13; GCF_001436555.1, s__Lactobacillus_G senioris, 95.0, 78.34, 0.1; GCA_002418005.1, s__Lactobacillus_G sp002418005, 95.0, 77.48, 0.15	86.05	11	N/A	N/A
mcfa120-bins-bin.17	d__Bacteria;p__Firmicutes;c__Bacilli;o__Lactobacillales;f__Lactobacillaceae;g__Lactobacillus_H;s__Lactobacillus_H mucosae	GCF_001436025.1	95.0	d__Bacteria;p__Firmicutes;c__Bacilli;o__Lactobacillales;f__Lactobacillaceae;g__Lactobacillus_H;s__Lactobacillus_H mucosae	97.14	0.91	GCF_001436025.1	d__Bacteria;p__Firmicutes;c__Bacilli;o__Lactobacillales;f__Lactobacillaceae;g__Lactobacillus_H;s__Lactobacillus_H mucosae	97.14	0.91	d__Bacteria;p__Firmicutes;c__Bacilli;o__Lactobacillales;f__Lactobacillaceae;g__Lactobacillus_H;s__	ANI/Placement	topological placement and ANI have congruent species assignments	GCF_000161935.1, s__Lactobacillus_H coleohominis, 95.0, 79.12, 0.13; GCF_001435345.1, s__Lactobacillus_H pontis, 95.0, 79.02, 0.15; GCF_900156885.1, s__Lactobacillus_H sp900156885, 95.0, 78.92, 0.14; GCF_000160835.1, s__Lactobacillus_H antri, 95.0, 78.87, 0.17; GCF_001435935.1, s__Lactobacillus_H panis, 95.0, 78.8, 0.16; GCF_001436045.1, s__Lactobacillus_H frumenti, 95.0, 78.72, 0.15; GCF_001293735.1, s__Lactobacillus_H gorillae, 95.0, 78.71, 0.13; GCF_002871555.1, s__Lactobacillus_H vaginalis_A, 95.0, 78.64, 0.14; GCF_001437055.1, s__Lactobacillus_H secaliphilus, 95.0, 78.58, 0.18; GCF_001434465.1, s__Lactobacillus_H oris, 95.0, 78.55, 0.17; GCF_000159215.1, s__Lactobacillus_H fermentum, 95.0, 78.53, 0.17; GCF_002940945.1, s__Lactobacillus_H pontis_A, 95.0, 78.46, 0.17; GCA_003072625.1, s__Lactobacillus_H reuteri_D, 95.0, 78.41, 0.13; GCF_000159435.1, s__Lactobacillus_H vaginalis, 95.0, 78.23, 0.14; GCF_001435775.1, s__Lactobacillus_H ingluviei, 95.0, 77.98, 0.15; GCF_000016825.1, s__Lactobacillus_H reuteri, 95.0, 77.81, 0.14; GCF_900240275.1, s__Lactobacillus_H timonensis, 95.0, 77.62, 0.12	80.02	11	N/A	N/A
mcfa02-bins-bin.21	d__Bacteria;p__Firmicutes;c__Bacilli;o__Erysipelotrichales;f__Erysipelotrichaceae;g__Solobacterium;s__Solobacterium sp900290205	GCF_900290205.1	95.0	d__Bacteria;p__Firmicutes;c__Bacilli;o__Erysipelotrichales;f__Erysipelotrichaceae;g__Solobacterium;s__Solobacterium sp900290205	98.06	0.94	GCF_900290205.1	d__Bacteria;p__Firmicutes;c__Bacilli;o__Erysipelotrichales;f__Erysipelotrichaceae;g__Solobacterium;s__Solobacterium sp900290205	98.06	0.94	d__Bacteria;p__Firmicutes;c__Bacilli;o__Erysipelotrichales;f__Erysipelotrichaceae;g__Solobacterium;s__	ANI/Placement	topological placement and ANI have congruent species assignments	GCA_900314905.1, s__Solobacterium sp900314905, 95.0, 88.87, 0.77; GCF_900240265.1, s__Solobacterium timonensis, 95.0, 78.59, 0.21; GCA_900314345.1, s__Solobacterium sp900314345, 95.0, 77.78, 0.21; GCF_900343155.1, s__Solobacterium sp900343155, 95.0, 77.58, 0.14; GCF_000701725.1, s__Solobacterium sp000701725, 95.0, 77.24, 0.1; GCA_900315065.1, s__Solobacterium sp900315065, 95.0, 77.09, 0.11; GCA_900319505.1, s__Solobacterium sp900319505, 95.0, 76.78, 0.15; GCA_900320455.1, s__Solobacterium sp900320455, 95.0, 75.86, 0.08	91.71	11	N/A	N/A
mcfa02-bins-bin.107	d__Bacteria;p__Firmicutes_A;c__Clostridia;o__Lachnospirales;f__Lachnospiraceae;g__UBA2856;s__UBA2856 sp900318615	GCA_900318615.1	95.0	d__Bacteria;p__Firmicutes_A;c__Clostridia;o__Lachnospirales;f__Lachnospiraceae;g__UBA2856;s__UBA2856 sp900318615	99.26	0.86	GCA_900318615.1	d__Bacteria;p__Firmicutes_A;c__Clostridia;o__Lachnospirales;f__Lachnospiraceae;g__UBA2856;s__UBA2856 sp900318615	99.26	0.86	d__Bacteria;p__Firmicutes_A;c__Clostridia;o__Lachnospirales;f__Lachnospiraceae;g__UBA2856;s__	ANI/Placement	topological placement and ANI have congruent species assignments	N/A	70.54	11	N/A	N/A
mcfa02-bins-bin.54	d__Bacteria;p__Firmicutes_A;c__Clostridia;o__Lachnospirales;f__Lachnospiraceae;g__Eubacterium_H;s__Eubacterium_H sp900319355	GCA_900319355.1	95.0	d__Bacteria;p__Firmicutes_A;c__Clostridia;o__Lachnospirales;f__Lachnospiraceae;g__Eubacterium_H;s__Eubacterium_H sp900319355	99.42	0.86	GCA_900319355.1	d__Bacteria;p__Firmicutes_A;c__Clostridia;o__Lachnospirales;f__Lachnospiraceae;g__Eubacterium_H;s__Eubacterium_H sp900319355	99.42	0.86	d__Bacteria;p__Firmicutes_A;c__Clostridia;o__Lachnospirales;f__Lachnospiraceae;g__Eubacterium_H;s__	ANI/Placement	topological placement and ANI have congruent species assignments	GCA_900318405.1, s__Eubacterium_H sp900318405, 95.0, 79.31, 0.47; GCA_900314295.1, s__Eubacterium_H sp900314295, 95.0, 77.27, 0.17; GCF_000183525.2, s__Eubacterium_H cellulosolvens, 95.0, 77.26, 0.15; GCA_002394235.1, s__Eubacterium_H sp002394235, 95.0, 77.23, 0.17; GCA_900317175.1, s__Eubacterium_H sp900317175, 95.0, 77.03, 0.11; GCF_000621585.1, s__Eubacterium_H cellulosolvens_A, 95.0, 76.94, 0.17; GCA_002368795.1, s__Eubacterium_H sp002368795, 95.0, 76.79, 0.12; GCA_900318755.1, s__Eubacterium_H sp900318755, 95.0, 76.64, 0.09	92.92	11	N/A	N/A
mcfa84-bins-bin.23	d__Bacteria;p__Firmicutes;c__Bacilli;o__Lactobacillales;f__Lactobacillaceae;g__Lactobacillus_F;s__Lactobacillus_F plantarum	GCA_000615325.1	95.0	d__Bacteria;p__Firmicutes;c__Bacilli;o__Lactobacillales;f__Lactobacillaceae;g__Lactobacillus_F;s__Lactobacillus_F plantarum	96.99	0.94	GCA_000615325.1	d__Bacteria;p__Firmicutes;c__Bacilli;o__Lactobacillales;f__Lactobacillaceae;g__Lactobacillus_F;s__Lactobacillus_F plantarum	96.99	0.94	d__Bacteria;p__Firmicutes;c__Bacilli;o__Lactobacillales;f__Lactobacillaceae;g__Lactobacillus_F;s__	ANI/Placement	topological placement and ANI have congruent species assignments	GCF_001435655.1, s__Lactobacillus_F paraplantarum, 95.0, 88.11, 0.81; GCF_001433755.1, s__Lactobacillus_F pentosus, 95.0, 82.61, 0.68; GCF_000463075.2, s__Lactobacillus_F plantarum_A, 95.0, 82.49, 0.66; GCF_001438845.1, s__Lactobacillus_F xiangfangensis, 95.0, 80.5, 0.38; GCF_001039045.1, s__Lactobacillus_F herbarum, 95.0, 80.39, 0.46; GCF_000498955.2, s__Lactobacillus_F fabifermentans, 95.0, 79.68, 0.38; GCF_002970935.1, s__Lactobacillus_F sp002970935, 95.0, 79.62, 0.29; GCF_002970915.1, s__Lactobacillus_F sp002970915, 95.0, 79.59, 0.28	76.33	11	N/A	N/A
mcfa120-bins-bin.16	d__Bacteria;p__Actinobacteriota;c__Coriobacteriia;o__Coriobacteriales;f__Atopobiaceae;g__UBA7748;s__UBA7748 sp900314535	GCA_900314535.1	95.0	d__Bacteria;p__Actinobacteriota;c__Coriobacteriia;o__Coriobacteriales;f__Atopobiaceae;g__UBA7748;s__UBA7748 sp900314535	97.3	0.9	GCA_900314535.1	d__Bacteria;p__Actinobacteriota;c__Coriobacteriia;o__Coriobacteriales;f__Atopobiaceae;g__UBA7748;s__UBA7748 sp900314535	97.3	0.9	d__Bacteria;p__Actinobacteriota;c__Coriobacteriia;o__Coriobacteriales;f__Atopobiaceae;g__UBA7748;s__	ANI/Placement	topological placement and ANI have congruent species assignments	GCA_900313905.1, s__UBA7748 sp900313905, 95.0, 83.22, 0.67	92.82	11	N/A	N/A
mcfa120-bins-bin.20	d__Bacteria;p__Firmicutes;c__Bacilli;o__Lactobacillales;f__Lactobacillaceae;g__Lactobacillus_E;s__Lactobacillus_E coryniformis	GCF_002706425.1	95.0	d__Bacteria;p__Firmicutes;c__Bacilli;o__Lactobacillales;f__Lactobacillaceae;g__Lactobacillus_E;s__Lactobacillus_E coryniformis	97.7	0.79	GCF_002706425.1	d__Bacteria;p__Firmicutes;c__Bacilli;o__Lactobacillales;f__Lactobacillaceae;g__Lactobacillus_E;s__Lactobacillus_E coryniformis	97.7	0.79	d__Bacteria;p__Firmicutes;c__Bacilli;o__Lactobacillales;f__Lactobacillaceae;g__Lactobacillus_E;s__	ANI/Placement	topological placement and ANI have congruent species assignments	GCF_001663675.1, s__Lactobacillus_E backii, 95.0, 78.96, 0.16; GCF_001434575.1, s__Lactobacillus_E bifermentans, 95.0, 78.56, 0.13; GCF_001436505.1, s__Lactobacillus_E rennini, 95.0, 77.99, 0.21	98.47	11	N/A	N/A
mcfa02-bins-bin.48	d__Bacteria;p__Firmicutes;c__Bacilli;o__Erysipelotrichales;f__Erysipelotrichaceae;g__CAG-536;s__CAG-536 sp900314505	GCA_900314505.1	95.0	d__Bacteria;p__Firmicutes;c__Bacilli;o__Erysipelotrichales;f__Erysipelotrichaceae;g__CAG-536;s__CAG-536 sp900314505	99.44	0.88	GCA_900314505.1	d__Bacteria;p__Firmicutes;c__Bacilli;o__Erysipelotrichales;f__Erysipelotrichaceae;g__CAG-536;s__CAG-536 sp900314505	99.44	0.88	d__Bacteria;p__Firmicutes;c__Bacilli;o__Erysipelotrichales;f__Erysipelotrichaceae;g__CAG-536;s__	ANI/Placement	topological placement and ANI have congruent species assignments	GCA_000434355.1, s__CAG-536 sp000434355, 95.0, 78.08, 0.32	77.56	11	N/A	N/A
mcfa96-bins-bin.26	d__Bacteria;p__Firmicutes;c__Bacilli;o__Lactobacillales;f__Lactobacillaceae;g__Lactobacillus_E;s__Lactobacillus_E coryniformis	GCF_002706425.1	95.0	d__Bacteria;p__Firmicutes;c__Bacilli;o__Lactobacillales;f__Lactobacillaceae;g__Lactobacillus_E;s__Lactobacillus_E coryniformis	97.71	0.81	GCF_002706425.1	d__Bacteria;p__Firmicutes;c__Bacilli;o__Lactobacillales;f__Lactobacillaceae;g__Lactobacillus_E;s__Lactobacillus_E coryniformis	97.71	0.81	d__Bacteria;p__Firmicutes;c__Bacilli;o__Lactobacillales;f__Lactobacillaceae;g__Lactobacillus_E;s__	ANI/Placement	topological placement and ANI have congruent species assignments	GCF_001663675.1, s__Lactobacillus_E backii, 95.0, 78.56, 0.15; GCF_001434575.1, s__Lactobacillus_E bifermentans, 95.0, 78.34, 0.14; GCF_001436505.1, s__Lactobacillus_E rennini, 95.0, 78.05, 0.2	98.47	11	N/A	N/A
mcfa02-bins-bin.49	d__Bacteria;p__Firmicutes_A;c__Clostridia;o__Lachnospirales;f__UBA1390;g__RUG760;s__RUG760 sp900315265	GCA_900315265.1	95.0	d__Bacteria;p__Firmicutes_A;c__Clostridia;o__Lachnospirales;f__UBA1390;g__RUG760;s__RUG760 sp900315265	98.94	0.89	GCA_900315265.1	d__Bacteria;p__Firmicutes_A;c__Clostridia;o__Lachnospirales;f__UBA1390;g__RUG760;s__RUG760 sp900315265	98.94	0.89	d__Bacteria;p__Firmicutes_A;c__Clostridia;o__Lachnospirales;f__UBA1390;g__RUG760;s__	ANI/Placement	topological placement and ANI have congruent species assignments	N/A	94.33	11	N/A	N/A
mcfa48-bins-bin.16	d__Bacteria;p__Firmicutes;c__Bacilli;o__Lactobacillales;f__Lactobacillaceae;g__Lactobacillus_G;s__Lactobacillus_G hilgardii	GCF_000159315.1	95.0	d__Bacteria;p__Firmicutes;c__Bacilli;o__Lactobacillales;f__Lactobacillaceae;g__Lactobacillus_G;s__Lactobacillus_G hilgardii	96.98	0.89	GCF_000159315.1	d__Bacteria;p__Firmicutes;c__Bacilli;o__Lactobacillales;f__Lactobacillaceae;g__Lactobacillus_G;s__Lactobacillus_G hilgardii	96.98	0.89	d__Bacteria;p__Firmicutes;c__Bacilli;o__Lactobacillales;f__Lactobacillaceae;g__Lactobacillus_G;s__	ANI/Placement	topological placement and ANI have congruent species assignments	GCF_000583655.1, s__Lactobacillus_G farraginis, 95.0, 81.05, 0.59; GCA_900411375.1, s__Lactobacillus_G raoultii, 95.0, 80.66, 0.52; GCF_001435895.1, s__Lactobacillus_G parafarraginis, 95.0, 79.21, 0.41; GCF_001435315.1, s__Lactobacillus_G parabuchneri, 95.0, 79.11, 0.27; GCF_002157585.1, s__Lactobacillus_G parakefiri, 95.0, 79.08, 0.3; GCF_001434255.1, s__Lactobacillus_G diolivorans, 95.0, 79.03, 0.37; GCA_001311745.1, s__Lactobacillus_G kefiri, 95.0, 78.91, 0.34; GCF_001435575.1, s__Lactobacillus_G sunkii, 95.0, 78.89, 0.31; GCA_001311425.1, s__Lactobacillus_G kisonensis, 95.0, 78.81, 0.26; GCF_001434145.1, s__Lactobacillus_G otakiensis, 95.0, 78.72, 0.32; GCF_001436255.1, s__Lactobacillus_G rapi, 95.0, 78.67, 0.26; GCF_001434735.1, s__Lactobacillus_G buchneri, 95.0, 78.43, 0.28; GCF_000785105.2, s__Lactobacillus_G curieae, 95.0, 78.41, 0.17; GCF_001436555.1, s__Lactobacillus_G senioris, 95.0, 77.68, 0.12; GCA_002418005.1, s__Lactobacillus_G sp002418005, 95.0, 77.55, 0.17	90.02	11	N/A	N/A
mcfa02-bins-bin.106	d__Bacteria;p__Firmicutes;c__Bacilli;o__RF39;f__CAG-1000;g__UBA6985;s__UBA6985 sp900314465	GCA_900314465.1	95.0	d__Bacteria;p__Firmicutes;c__Bacilli;o__RF39;f__CAG-1000;g__UBA6985;s__UBA6985 sp900314465	99.48	0.93	GCA_900314465.1	d__Bacteria;p__Firmicutes;c__Bacilli;o__RF39;f__CAG-1000;g__UBA6985;s__UBA6985 sp900314465	99.48	0.93	d__Bacteria;p__Firmicutes;c__Bacilli;o__RF39;f__CAG-1000;g__UBA6985;s__	ANI/Placement	topological placement and ANI have congruent species assignments	N/A	82.76	11	N/A	N/A
mcfa48-bins-bin.19	d__Bacteria;p__Firmicutes;c__Bacilli;o__Lactobacillales;f__Lactobacillaceae;g__Lactobacillus;s__Lactobacillus amylovorus	GCF_002706375.1	95.0	d__Bacteria;p__Firmicutes;c__Bacilli;o__Lactobacillales;f__Lactobacillaceae;g__Lactobacillus;s__Lactobacillus amylovorus	97.51	0.73	GCF_002706375.1	d__Bacteria;p__Firmicutes;c__Bacilli;o__Lactobacillales;f__Lactobacillaceae;g__Lactobacillus;s__Lactobacillus amylovorus	97.51	0.73	d__Bacteria;p__Firmicutes;c__Bacilli;o__Lactobacillales;f__Lactobacillaceae;g__Lactobacillus;s__	ANI/Placement	topological placement and ANI have congruent species assignments	GCF_000615285.1, s__Lactobacillus kitasatonis, 95.0, 92.42, 0.79; GCF_000614735.1, s__Lactobacillus gallinarum, 95.0, 85.8, 0.66; GCF_000160855.1, s__Lactobacillus helveticus, 95.0, 83.53, 0.56; GCF_001436305.1, s__Lactobacillus ultunensis, 95.0, 83.53, 0.58; GCF_001591845.1, s__Lactobacillus acidophilus, 95.0, 83.1, 0.63; GCF_002088015.1, s__Lactobacillus crispatus, 95.0, 82.85, 0.51; GCF_900103655.1, s__Lactobacillus kefiranofaciens, 95.0, 82.16, 0.48; GCF_000178475.1, s__Lactobacillus amylolyticus, 95.0, 80.93, 0.48; GCF_002911475.1, s__Lactobacillus sp002911475, 95.0, 80.79, 0.33; GCF_000615445.1, s__Lactobacillus hamsteri, 95.0, 80.47, 0.45; GCF_001434335.1, s__Lactobacillus kalixensis, 95.0, 80.25, 0.37; GCF_001435325.1, s__Lactobacillus intestinalis, 95.0, 80.1, 0.37; GCF_000297025.1, s__Lactobacillus pasteurii, 95.0, 79.95, 0.32; GCF_000296855.1, s__Lactobacillus gigeriorum, 95.0, 79.46, 0.26; GCF_000296835.1, s__Lactobacillus hominis, 95.0, 79.04, 0.23; GCF_002158885.1, s__Lactobacillus gasseri_A, 95.0, 78.99, 0.19; GCF_000159335.1, s__Lactobacillus jensenii_A, 95.0, 78.98, 0.2; GCF_002837055.1, s__Lactobacillus apis, 95.0, 78.84, 0.2; GCF_000014425.1, s__Lactobacillus gasseri, 95.0, 78.83, 0.22; GCF_000425905.1, s__Lactobacillus psittaci, 95.0, 78.78, 0.25; GCF_000159355.1, s__Lactobacillus johnsonii, 95.0, 78.73, 0.24; GCF_001436455.1, s__Lactobacillus jensenii, 95.0, 78.72, 0.22; GCF_001436695.1, s__Lactobacillus taiwanensis, 95.0, 78.66, 0.22; GCF_001436775.1, s__Lactobacillus acetotolerans, 95.0, 78.64, 0.32; GCF_002916935.1, s__Lactobacillus sp002916935, 95.0, 78.56, 0.19; GCA_001311765.1, s__Lactobacillus equicursoris, 95.0, 78.44, 0.13; GCF_001433875.1, s__Lactobacillus delbrueckii, 95.0, 78.06, 0.13; GCF_000967195.1, s__Lactobacillus kullabergensis, 95.0, 77.92, 0.14; GCF_000970755.1, s__Lactobacillus kimbladii, 95.0, 77.9, 0.14; GCF_000760615.1, s__Lactobacillus sp000760615, 95.0, 77.83, 0.13; GCF_000970855.1, s__Lactobacillus helsingborgensis, 95.0, 77.8, 0.14; GCF_900112665.1, s__Lactobacillus bombicola, 95.0, 77.79, 0.14; GCF_000970775.1, s__Lactobacillus melliventris, 95.0, 77.74, 0.12; GCA_900088455.1, s__Lactobacillus delbrueckii_A, 95.0, 77.71, 0.1; GCF_000160875.1, s__Lactobacillus iners, 95.0, 77.57, 0.12; GCA_002418055.1, s__Lactobacillus sp002418055, 95.0, 77.17, 0.19	96.51	11	N/A	N/A
mcfa84-bins-bin.18	d__Bacteria;p__Actinobacteriota;c__Coriobacteriia;o__Coriobacteriales;f__Atopobiaceae;g__UBA7748;s__UBA7748 sp900314535	GCA_900314535.1	95.0	d__Bacteria;p__Actinobacteriota;c__Coriobacteriia;o__Coriobacteriales;f__Atopobiaceae;g__UBA7748;s__UBA7748 sp900314535	97.26	0.89	GCA_900314535.1	d__Bacteria;p__Actinobacteriota;c__Coriobacteriia;o__Coriobacteriales;f__Atopobiaceae;g__UBA7748;s__UBA7748 sp900314535	97.26	0.89	d__Bacteria;p__Actinobacteriota;c__Coriobacteriia;o__Coriobacteriales;f__Atopobiaceae;g__UBA7748;s__	ANI/Placement	topological placement and ANI have congruent species assignments	GCA_900313905.1, s__UBA7748 sp900313905, 95.0, 83.26, 0.64	94.27	11	N/A	N/A
mcfa84-bins-bin.12	d__Bacteria;p__Firmicutes;c__Bacilli;o__Lactobacillales;f__Lactobacillaceae;g__Lactobacillus_G;s__Lactobacillus_G diolivorans	GCF_001434255.1	95.0	d__Bacteria;p__Firmicutes;c__Bacilli;o__Lactobacillales;f__Lactobacillaceae;g__Lactobacillus_G;s__Lactobacillus_G diolivorans	98.1	0.91	GCF_001434255.1	d__Bacteria;p__Firmicutes;c__Bacilli;o__Lactobacillales;f__Lactobacillaceae;g__Lactobacillus_G;s__Lactobacillus_G diolivorans	98.1	0.91	d__Bacteria;p__Firmicutes;c__Bacilli;o__Lactobacillales;f__Lactobacillaceae;g__Lactobacillus_G;s__	ANI/Placement	topological placement and ANI have congruent species assignments	GCF_001436395.1, s__Lactobacillus_G malefermentans, 95.0, 79.92, 0.08; GCF_001434145.1, s__Lactobacillus_G otakiensis, 95.0, 79.03, 0.3; GCF_001435315.1, s__Lactobacillus_G parabuchneri, 95.0, 78.95, 0.26; GCF_002157585.1, s__Lactobacillus_G parakefiri, 95.0, 78.86, 0.27; GCA_001311745.1, s__Lactobacillus_G kefiri, 95.0, 78.8, 0.29; GCF_000159315.1, s__Lactobacillus_G hilgardii, 95.0, 78.74, 0.28; GCF_001435575.1, s__Lactobacillus_G sunkii, 95.0, 78.72, 0.27; GCA_001311425.1, s__Lactobacillus_G kisonensis, 95.0, 78.54, 0.24; GCF_001436255.1, s__Lactobacillus_G rapi, 95.0, 78.54, 0.25; GCF_001434735.1, s__Lactobacillus_G buchneri, 95.0, 78.43, 0.26; GCF_001435895.1, s__Lactobacillus_G parafarraginis, 95.0, 78.3, 0.22; GCA_900411375.1, s__Lactobacillus_G raoultii, 95.0, 78.2, 0.23; GCF_000583655.1, s__Lactobacillus_G farraginis, 95.0, 78.11, 0.28; GCF_000740055.1, s__Lactobacillus_G oryzae, 95.0, 78.09, 0.09; GCA_002418005.1, s__Lactobacillus_G sp002418005, 95.0, 77.77, 0.17; GCF_000785105.2, s__Lactobacillus_G curieae, 95.0, 77.75, 0.17; GCF_001436555.1, s__Lactobacillus_G senioris, 95.0, 77.74, 0.14; GCF_002217985.1, s__Lactobacillus_G pentosiphilus, 95.0, 77.59, 0.06; GCF_002583405.1, s__Lactobacillus_G silagincola, 95.0, 77.16, 0.07; GCF_002217925.1, s__Lactobacillus_G mixtipabuli, 95.0, 77.1, 0.07; GCF_002993965.1, s__Lactobacillus_G timberlakei, 95.0, 77.04, 0.1; GCF_002217945.1, s__Lactobacillus_G silagei, 95.0, 77.0, 0.06	96.31	11	N/A	N/A
mcfa120-bins-bin.7	d__Bacteria;p__Firmicutes;c__Bacilli;o__Lactobacillales;f__Lactobacillaceae;g__Lactobacillus_G;s__Lactobacillus_G diolivorans	GCF_001434255.1	95.0	d__Bacteria;p__Firmicutes;c__Bacilli;o__Lactobacillales;f__Lactobacillaceae;g__Lactobacillus_G;s__Lactobacillus_G diolivorans	98.09	0.91	GCF_001434255.1	d__Bacteria;p__Firmicutes;c__Bacilli;o__Lactobacillales;f__Lactobacillaceae;g__Lactobacillus_G;s__Lactobacillus_G diolivorans	98.09	0.91	d__Bacteria;p__Firmicutes;c__Bacilli;o__Lactobacillales;f__Lactobacillaceae;g__Lactobacillus_G;s__	ANI/Placement	topological placement and ANI have congruent species assignments	GCF_001436395.1, s__Lactobacillus_G malefermentans, 95.0, 79.61, 0.08; GCF_001435315.1, s__Lactobacillus_G parabuchneri, 95.0, 79.01, 0.27; GCF_001434145.1, s__Lactobacillus_G otakiensis, 95.0, 78.99, 0.3; GCA_001311745.1, s__Lactobacillus_G kefiri, 95.0, 78.97, 0.29; GCF_000159315.1, s__Lactobacillus_G hilgardii, 95.0, 78.89, 0.28; GCF_002157585.1, s__Lactobacillus_G parakefiri, 95.0, 78.89, 0.27; GCF_001435575.1, s__Lactobacillus_G sunkii, 95.0, 78.75, 0.27; GCF_001311135.1, s__Lactobacillus_G paracollinoides, 95.0, 78.67, 0.05; GCA_001311425.1, s__Lactobacillus_G kisonensis, 95.0, 78.62, 0.24; GCF_001434735.1, s__Lactobacillus_G buchneri, 95.0, 78.58, 0.27; GCF_001436255.1, s__Lactobacillus_G rapi, 95.0, 78.51, 0.25; GCF_001435895.1, s__Lactobacillus_G parafarraginis, 95.0, 78.36, 0.22; GCA_900411375.1, s__Lactobacillus_G raoultii, 95.0, 78.16, 0.23; GCF_000740055.1, s__Lactobacillus_G oryzae, 95.0, 78.12, 0.09; GCF_000583655.1, s__Lactobacillus_G farraginis, 95.0, 78.1, 0.28; GCA_002418005.1, s__Lactobacillus_G sp002418005, 95.0, 77.82, 0.17; GCF_000785105.2, s__Lactobacillus_G curieae, 95.0, 77.7, 0.17; GCF_002217985.1, s__Lactobacillus_G pentosiphilus, 95.0, 77.69, 0.06; GCF_001436555.1, s__Lactobacillus_G senioris, 95.0, 77.62, 0.14; GCF_001311075.1, s__Lactobacillus_G similis, 95.0, 77.61, 0.05; GCF_002583405.1, s__Lactobacillus_G silagincola, 95.0, 77.13, 0.07; GCF_002993965.1, s__Lactobacillus_G timberlakei, 95.0, 77.04, 0.1; GCF_002217945.1, s__Lactobacillus_G silagei, 95.0, 77.03, 0.07; GCF_002217925.1, s__Lactobacillus_G mixtipabuli, 95.0, 77.02, 0.07	96.31	11	N/A	N/A
mcfa96-bins-bin.1	d__Bacteria;p__Actinobacteriota;c__Coriobacteriia;o__Coriobacteriales;f__Atopobiaceae;g__UBA7748;s__UBA7748 sp900314535	GCA_900314535.1	95.0	d__Bacteria;p__Actinobacteriota;c__Coriobacteriia;o__Coriobacteriales;f__Atopobiaceae;g__UBA7748;s__UBA7748 sp900314535	97.48	0.89	GCA_900314535.1	d__Bacteria;p__Actinobacteriota;c__Coriobacteriia;o__Coriobacteriales;f__Atopobiaceae;g__UBA7748;s__UBA7748 sp900314535	97.48	0.89	d__Bacteria;p__Actinobacteriota;c__Coriobacteriia;o__Coriobacteriales;f__Atopobiaceae;g__UBA7748;s__	ANI/Placement	topological placement and ANI have congruent species assignments	GCA_900313905.1, s__UBA7748 sp900313905, 95.0, 83.17, 0.67	94.25	11	N/A	N/A
mcfa48-bins-bin.18	d__Bacteria;p__Firmicutes;c__Bacilli;o__Lactobacillales;f__Lactobacillaceae;g__Lactobacillus_G;s__Lactobacillus_G brevis	GCF_001433855.1	95.0	d__Bacteria;p__Firmicutes;c__Bacilli;o__Lactobacillales;f__Lactobacillaceae;g__Lactobacillus_G;s__Lactobacillus_G brevis	97.88	0.89	GCF_001433855.1	d__Bacteria;p__Firmicutes;c__Bacilli;o__Lactobacillales;f__Lactobacillaceae;g__Lactobacillus_G;s__Lactobacillus_G brevis	97.88	0.89	d__Bacteria;p__Firmicutes;c__Bacilli;o__Lactobacillales;f__Lactobacillaceae;g__Lactobacillus_G;s__	ANI/Placement	topological placement and ANI have congruent species assignments	GCF_001435525.1, s__Lactobacillus_G koreensis, 95.0, 80.73, 0.47; GCF_001434395.1, s__Lactobacillus_G hammesii, 95.0, 80.66, 0.44; GCF_001434055.1, s__Lactobacillus_G parabrevis, 95.0, 80.62, 0.43; GCF_001592085.1, s__Lactobacillus_G senmaizukei, 95.0, 80.39, 0.38; GCF_001437125.1, s__Lactobacillus_G paucivorans, 95.0, 80.07, 0.4; GCF_001311075.1, s__Lactobacillus_G similis, 95.0, 80.0, 0.15; GCF_002217925.1, s__Lactobacillus_G mixtipabuli, 95.0, 79.97, 0.16; GCF_001434835.1, s__Lactobacillus_G acidifarinae, 95.0, 79.9, 0.38; GCF_001434785.1, s__Lactobacillus_G namurensis, 95.0, 79.73, 0.35; GCF_001434115.1, s__Lactobacillus_G zymae, 95.0, 79.72, 0.34; GCF_001435095.1, s__Lactobacillus_G spicheri, 95.0, 79.71, 0.34; GCF_000740055.1, s__Lactobacillus_G oryzae, 95.0, 79.2, 0.16; GCF_001311135.1, s__Lactobacillus_G paracollinoides, 95.0, 78.91, 0.17; GCF_001435975.1, s__Lactobacillus_G collinoides, 95.0, 78.76, 0.14; GCF_002583405.1, s__Lactobacillus_G silagincola, 95.0, 78.38, 0.16; GCF_002217985.1, s__Lactobacillus_G pentosiphilus, 95.0, 78.2, 0.13; GCF_001433995.1, s__Lactobacillus_G kimchicus, 95.0, 78.01, 0.06; GCF_001434895.1, s__Lactobacillus_G odoratitofui, 95.0, 77.97, 0.14; GCF_002217945.1, s__Lactobacillus_G silagei, 95.0, 77.95, 0.14	85.79	11	N/A	N/A
mcfa02-bins-bin.67	d__Bacteria;p__Bacteroidota;c__Bacteroidia;o__Bacteroidales;f__Bacteroidaceae;g__Prevotella;s__Prevotella sp900314365	GCA_900314365.1	95.0	d__Bacteria;p__Bacteroidota;c__Bacteroidia;o__Bacteroidales;f__Bacteroidaceae;g__Prevotella;s__Prevotella sp900314365	98.52	0.87	GCA_900314365.1	d__Bacteria;p__Bacteroidota;c__Bacteroidia;o__Bacteroidales;f__Bacteroidaceae;g__Prevotella;s__Prevotella sp900314365	98.52	0.87	d__Bacteria;p__Bacteroidota;c__Bacteroidia;o__Bacteroidales;f__Bacteroidaceae;g__Prevotella;s__	ANI/Placement	topological placement and ANI have congruent species assignments	GCA_900318855.1, s__Prevotella sp900318855, 95.0, 81.26, 0.56; GCA_900317685.1, s__Prevotella sp900317685, 95.0, 80.49, 0.18; GCA_002350355.1, s__Prevotella sp002350355, 95.0, 79.42, 0.17; GCA_002481295.1, s__Prevotella sp002481295, 95.0, 78.38, 0.18; GCA_900322035.1, s__Prevotella sp900322035, 95.0, 78.32, 0.14; GCF_000424185.1, s__Prevotella sp000424185, 95.0, 77.92, 0.13; GCA_900322095.1, s__Prevotella sp900322095, 95.0, 77.73, 0.15; GCA_900315635.1, s__Prevotella sp900315635, 95.0, 77.5, 0.1; GCA_900316015.1, s__Prevotella sp900316015, 95.0, 77.37, 0.06; GCF_000834015.1, s__Prevotella sp000834015, 95.0, 77.24, 0.06; GCF_002251385.1, s__Prevotella sp002251385, 95.0, 77.13, 0.13; GCA_002300055.1, s__Prevotella sp002300055, 95.0, 77.06, 0.16; GCF_000184945.1, s__Prevotella buccae, 95.0, 76.96, 0.12; GCA_900316565.1, s__Prevotella sp900316565, 95.0, 76.96, 0.13; GCA_002437285.1, s__Prevotella sp002437285, 95.0, 76.96, 0.15; GCA_002439605.1, s__Prevotella sp002439605, 95.0, 76.91, 0.07; GCF_900199655.1, s__Prevotella sp900199655, 95.0, 76.84, 0.11; GCF_000235885.1, s__Prevotella stercorea, 95.0, 76.83, 0.09; GCA_002480935.1, s__Prevotella sp002480935, 95.0, 76.82, 0.09; GCA_002490315.1, s__Prevotella sp002490315, 95.0, 76.77, 0.12; GCF_900290275.1, s__Prevotella sp900290275, 95.0, 76.77, 0.05; GCF_002251365.1, s__Prevotella sp002251365, 95.0, 76.71, 0.08; GCF_001275135.1, s__Prevotella sp001275135, 95.0, 76.68, 0.06; GCA_000431975.1, s__Prevotella sp000431975, 95.0, 76.67, 0.1; GCF_002224675.1, s__Prevotella copri_A, 95.0, 76.66, 0.07; GCA_000435635.1, s__Prevotella sp000435635, 95.0, 76.64, 0.08; GCA_002437115.1, s__Prevotella sp002437115, 95.0, 76.62, 0.12; GCF_900113305.1, s__Prevotella sp900113305, 95.0, 76.62, 0.09; GCA_002305505.1, s__Prevotella sp002305505, 95.0, 76.61, 0.08; GCA_900314655.1, s__Prevotella sp900314655, 95.0, 76.58, 0.08; GCF_003043925.1, s__Prevotella sp003043925, 95.0, 76.57, 0.07; GCA_002369515.1, s__Prevotella sp002369515, 95.0, 76.55, 0.11; GCF_002265625.1, s__Prevotella sp002265625, 95.0, 76.52, 0.09; GCF_000426585.1, s__Prevotella baroniae, 95.0, 76.52, 0.11; GCA_900317545.1, s__Prevotella sp900317545, 95.0, 76.52, 0.07; GCA_900316285.1, s__Prevotella sp900316285, 95.0, 76.5, 0.09; GCF_003043945.1, s__Prevotella sp003043945, 95.0, 76.5, 0.09; GCA_002353525.1, s__Prevotella sp002353525, 95.0, 76.48, 0.09; GCF_900079775.1, s__Prevotella lascolaii, 95.0, 76.47, 0.07; GCA_002350805.1, s__Prevotella sp002350805, 95.0, 76.47, 0.08; GCA_000434975.1, s__Prevotella sp000434975, 95.0, 76.46, 0.12; GCA_900315565.1, s__Prevotella sp900315565, 95.0, 76.44, 0.1; GCF_001262015.1, s__Prevotella fusca, 95.0, 76.42, 0.05; GCA_000433175.1, s__Prevotella sp000433175, 95.0, 76.4, 0.05; GCF_000157935.1, s__Prevotella copri, 95.0, 76.39, 0.07; GCA_000436035.1, s__Prevotella sp000436035, 95.0, 76.39, 0.07; GCF_000382385.1, s__Prevotella maculosa, 95.0, 76.38, 0.06; GCA_900313215.1, s__Prevotella sp900313215, 95.0, 76.38, 0.12; GCA_002440225.1, s__Prevotella sp002440225, 95.0, 76.32, 0.08; GCF_000177075.1, s__Prevotella buccalis, 95.0, 76.3, 0.06; GCA_002353555.1, s__Prevotella sp002353555, 95.0, 76.28, 0.11; GCA_002451555.1, s__Prevotella sp002451555, 95.0, 76.25, 0.06; GCA_900314455.1, s__Prevotella sp900314455, 95.0, 76.25, 0.09; GCA_002297965.1, s__Prevotella sp002297965, 95.0, 76.19, 0.07; GCA_900316295.1, s__Prevotella sp900316295, 95.0, 76.17, 0.07; GCA_900314195.1, s__Prevotella sp900314195, 95.0, 76.17, 0.06; GCA_900313615.1, s__Prevotella sp900313615, 95.0, 76.15, 0.06; GCA_000436695.1, s__Prevotella sp000436695, 95.0, 76.09, 0.05; GCA_900314915.1, s__Prevotella sp900314915, 95.0, 76.09, 0.08; GCA_002449845.1, s__Prevotella sp002449845, 95.0, 76.08, 0.05; GCF_000613505.1, s__Prevotella oris, 95.0, 76.08, 0.05; GCA_000434515.1, s__Prevotella sp000434515, 95.0, 76.07, 0.04; GCA_900316685.1, s__Prevotella sp900316685, 95.0, 76.04, 0.08; GCA_000436915.1, s__Prevotella sp000436915, 95.0, 76.01, 0.06; GCA_900314935.1, s__Prevotella sp900314935, 95.0, 75.99, 0.07; GCF_000479005.1, s__Prevotella sp000479005, 95.0, 75.96, 0.04; GCF_000185145.2, s__Prevotella oralis, 95.0, 75.8, 0.06; GCF_000312305.1, s__Prevotella conceptionensis, 95.0, 75.79, 0.04; GCF_000378085.1, s__Prevotella loescheii, 95.0, 75.72, 0.04	80.02	11	N/A	N/A
mcfa96-bins-bin.13	d__Bacteria;p__Firmicutes;c__Bacilli;o__Lactobacillales;f__Lactobacillaceae;g__Lactobacillus_G;s__Lactobacillus_G diolivorans	GCF_001434255.1	95.0	d__Bacteria;p__Firmicutes;c__Bacilli;o__Lactobacillales;f__Lactobacillaceae;g__Lactobacillus_G;s__Lactobacillus_G diolivorans	98.04	0.89	GCF_001434255.1	d__Bacteria;p__Firmicutes;c__Bacilli;o__Lactobacillales;f__Lactobacillaceae;g__Lactobacillus_G;s__Lactobacillus_G diolivorans	98.04	0.89	d__Bacteria;p__Firmicutes;c__Bacilli;o__Lactobacillales;f__Lactobacillaceae;g__Lactobacillus_G;s__	ANI/Placement	topological placement and ANI have congruent species assignments	GCF_000159315.1, s__Lactobacillus_G hilgardii, 95.0, 80.32, 0.3; GCF_001435575.1, s__Lactobacillus_G sunkii, 95.0, 78.82, 0.26; GCF_001434145.1, s__Lactobacillus_G otakiensis, 95.0, 78.79, 0.29; GCA_001311745.1, s__Lactobacillus_G kefiri, 95.0, 78.78, 0.28; GCF_001435315.1, s__Lactobacillus_G parabuchneri, 95.0, 78.76, 0.26; GCF_002157585.1, s__Lactobacillus_G parakefiri, 95.0, 78.67, 0.26; GCF_001434735.1, s__Lactobacillus_G buchneri, 95.0, 78.46, 0.26; GCA_001311425.1, s__Lactobacillus_G kisonensis, 95.0, 78.37, 0.23; GCF_001436395.1, s__Lactobacillus_G malefermentans, 95.0, 78.31, 0.05; GCF_001436255.1, s__Lactobacillus_G rapi, 95.0, 78.27, 0.25; GCF_000583655.1, s__Lactobacillus_G farraginis, 95.0, 78.13, 0.28; GCA_900411375.1, s__Lactobacillus_G raoultii, 95.0, 77.97, 0.23; GCF_001435895.1, s__Lactobacillus_G parafarraginis, 95.0, 77.96, 0.22; GCA_002418005.1, s__Lactobacillus_G sp002418005, 95.0, 77.53, 0.17; GCF_000785105.2, s__Lactobacillus_G curieae, 95.0, 77.43, 0.16; GCF_000740055.1, s__Lactobacillus_G oryzae, 95.0, 77.38, 0.05; GCF_001436555.1, s__Lactobacillus_G senioris, 95.0, 77.26, 0.13; GCF_002583405.1, s__Lactobacillus_G silagincola, 95.0, 76.77, 0.06; GCF_002217945.1, s__Lactobacillus_G silagei, 95.0, 76.6, 0.06; GCF_002217925.1, s__Lactobacillus_G mixtipabuli, 95.0, 76.39, 0.07; GCF_002217985.1, s__Lactobacillus_G pentosiphilus, 95.0, 76.16, 0.05	93.85	11	N/A	N/A
mcfa120-bins-bin.13	d__Bacteria;p__Firmicutes;c__Bacilli;o__Lactobacillales;f__Lactobacillaceae;g__Lactobacillus_G;s__Lactobacillus_G brevis	GCF_001433855.1	95.0	d__Bacteria;p__Firmicutes;c__Bacilli;o__Lactobacillales;f__Lactobacillaceae;g__Lactobacillus_G;s__Lactobacillus_G brevis	97.57	0.93	GCF_001433855.1	d__Bacteria;p__Firmicutes;c__Bacilli;o__Lactobacillales;f__Lactobacillaceae;g__Lactobacillus_G;s__Lactobacillus_G brevis	97.57	0.93	d__Bacteria;p__Firmicutes;c__Bacilli;o__Lactobacillales;f__Lactobacillaceae;g__Lactobacillus_G;s__	ANI/Placement	topological placement and ANI have congruent species assignments	GCF_001435525.1, s__Lactobacillus_G koreensis, 95.0, 80.42, 0.38; GCF_001434395.1, s__Lactobacillus_G hammesii, 95.0, 80.17, 0.39; GCF_001434055.1, s__Lactobacillus_G parabrevis, 95.0, 80.08, 0.37; GCF_001437125.1, s__Lactobacillus_G paucivorans, 95.0, 79.65, 0.32; GCF_001592085.1, s__Lactobacillus_G senmaizukei, 95.0, 79.61, 0.33; GCF_001434115.1, s__Lactobacillus_G zymae, 95.0, 79.32, 0.27; GCF_001435095.1, s__Lactobacillus_G spicheri, 95.0, 79.3, 0.26; GCF_001434785.1, s__Lactobacillus_G namurensis, 95.0, 79.2, 0.27; GCF_001434835.1, s__Lactobacillus_G acidifarinae, 95.0, 78.91, 0.29; GCF_001311075.1, s__Lactobacillus_G similis, 95.0, 78.79, 0.1; GCF_000740055.1, s__Lactobacillus_G oryzae, 95.0, 78.28, 0.13; GCF_001435975.1, s__Lactobacillus_G collinoides, 95.0, 78.12, 0.09; GCF_003124125.1, s__Lactobacillus_G bambusae, 95.0, 78.03, 0.1; GCF_001433995.1, s__Lactobacillus_G kimchicus, 95.0, 77.94, 0.08; GCF_002217945.1, s__Lactobacillus_G silagei, 95.0, 77.91, 0.09; GCF_002217925.1, s__Lactobacillus_G mixtipabuli, 95.0, 77.86, 0.1; GCF_001434895.1, s__Lactobacillus_G odoratitofui, 95.0, 77.68, 0.09; GCF_001436555.1, s__Lactobacillus_G senioris, 95.0, 77.67, 0.11; GCF_001311135.1, s__Lactobacillus_G paracollinoides, 95.0, 77.64, 0.11; GCF_002217985.1, s__Lactobacillus_G pentosiphilus, 95.0, 77.62, 0.09; GCF_002583405.1, s__Lactobacillus_G silagincola, 95.0, 77.28, 0.09; GCF_000785105.2, s__Lactobacillus_G curieae, 95.0, 77.27, 0.08; GCF_001435895.1, s__Lactobacillus_G parafarraginis, 95.0, 77.07, 0.07; GCF_001436395.1, s__Lactobacillus_G malefermentans, 95.0, 77.07, 0.07; GCF_002157585.1, s__Lactobacillus_G parakefiri, 95.0, 76.92, 0.07	97.1	11	N/A	N/A
mcfa96-bins-bin.32	d__Bacteria;p__Firmicutes;c__Bacilli;o__Lactobacillales;f__Lactobacillaceae;g__Lactobacillus_G;s__Lactobacillus_G silagincola	GCF_002583405.1	95.0	d__Bacteria;p__Firmicutes;c__Bacilli;o__Lactobacillales;f__Lactobacillaceae;g__Lactobacillus_G;s__Lactobacillus_G silagincola	97.61	0.89	GCF_002583405.1	d__Bacteria;p__Firmicutes;c__Bacilli;o__Lactobacillales;f__Lactobacillaceae;g__Lactobacillus_G;s__Lactobacillus_G silagincola	97.61	0.89	d__Bacteria;p__Firmicutes;c__Bacilli;o__Lactobacillales;f__Lactobacillaceae;g__Lactobacillus_G;s__	ANI/Placement	topological placement and ANI have congruent species assignments	GCF_002217925.1, s__Lactobacillus_G mixtipabuli, 95.0, 82.65, 0.58; GCF_002217985.1, s__Lactobacillus_G pentosiphilus, 95.0, 82.07, 0.55; GCF_002217945.1, s__Lactobacillus_G silagei, 95.0, 81.46, 0.57; GCF_001434895.1, s__Lactobacillus_G odoratitofui, 95.0, 79.42, 0.29; GCF_001311075.1, s__Lactobacillus_G similis, 95.0, 79.1, 0.26; GCF_001435975.1, s__Lactobacillus_G collinoides, 95.0, 79.01, 0.22; GCF_001311135.1, s__Lactobacillus_G paracollinoides, 95.0, 78.94, 0.23; GCF_001434055.1, s__Lactobacillus_G parabrevis, 95.0, 78.54, 0.07; GCF_000740055.1, s__Lactobacillus_G oryzae, 95.0, 78.08, 0.13; GCF_001433995.1, s__Lactobacillus_G kimchicus, 95.0, 78.07, 0.13; GCF_001434395.1, s__Lactobacillus_G hammesii, 95.0, 77.94, 0.07; GCF_000785105.2, s__Lactobacillus_G curieae, 95.0, 77.93, 0.08; GCF_001435525.1, s__Lactobacillus_G koreensis, 95.0, 77.89, 0.08; GCF_001436395.1, s__Lactobacillus_G malefermentans, 95.0, 77.67, 0.11; GCA_001311745.1, s__Lactobacillus_G kefiri, 95.0, 77.66, 0.08; GCF_001434115.1, s__Lactobacillus_G zymae, 95.0, 77.63, 0.06; GCF_001433855.1, s__Lactobacillus_G brevis, 95.0, 77.62, 0.08; GCF_001434785.1, s__Lactobacillus_G namurensis, 95.0, 77.58, 0.07; GCF_001435575.1, s__Lactobacillus_G sunkii, 95.0, 77.46, 0.08; GCF_001437125.1, s__Lactobacillus_G paucivorans, 95.0, 77.45, 0.07; GCF_001434145.1, s__Lactobacillus_G otakiensis, 95.0, 77.44, 0.07; GCF_001436255.1, s__Lactobacillus_G rapi, 95.0, 77.43, 0.08; GCF_002157585.1, s__Lactobacillus_G parakefiri, 95.0, 77.37, 0.08; GCF_001435095.1, s__Lactobacillus_G spicheri, 95.0, 77.28, 0.06; GCA_001311425.1, s__Lactobacillus_G kisonensis, 95.0, 76.97, 0.07; GCF_001434735.1, s__Lactobacillus_G buchneri, 95.0, 76.86, 0.08; GCF_001434255.1, s__Lactobacillus_G diolivorans, 95.0, 76.62, 0.07; GCF_001435895.1, s__Lactobacillus_G parafarraginis, 95.0, 76.57, 0.06; GCF_000583655.1, s__Lactobacillus_G farraginis, 95.0, 76.39, 0.07	82.86	11	N/A	N/A
mcfa84-bins-bin.15	d__Bacteria;p__Firmicutes;c__Bacilli;o__Lactobacillales;f__Lactobacillaceae;g__Lactobacillus_G;s__Lactobacillus_G brevis	GCF_001433855.1	95.0	d__Bacteria;p__Firmicutes;c__Bacilli;o__Lactobacillales;f__Lactobacillaceae;g__Lactobacillus_G;s__Lactobacillus_G brevis	97.42	0.92	GCF_001433855.1	d__Bacteria;p__Firmicutes;c__Bacilli;o__Lactobacillales;f__Lactobacillaceae;g__Lactobacillus_G;s__Lactobacillus_G brevis	97.42	0.92	d__Bacteria;p__Firmicutes;c__Bacilli;o__Lactobacillales;f__Lactobacillaceae;g__Lactobacillus_G;s__	ANI/Placement	topological placement and ANI have congruent species assignments	GCF_001435525.1, s__Lactobacillus_G koreensis, 95.0, 80.39, 0.41; GCF_001434395.1, s__Lactobacillus_G hammesii, 95.0, 80.36, 0.39; GCF_001434055.1, s__Lactobacillus_G parabrevis, 95.0, 80.28, 0.38; GCF_001592085.1, s__Lactobacillus_G senmaizukei, 95.0, 79.76, 0.35; GCF_001437125.1, s__Lactobacillus_G paucivorans, 95.0, 79.73, 0.36; GCF_000740055.1, s__Lactobacillus_G oryzae, 95.0, 79.45, 0.13; GCF_001435095.1, s__Lactobacillus_G spicheri, 95.0, 79.37, 0.28; GCF_001434115.1, s__Lactobacillus_G zymae, 95.0, 79.36, 0.3; GCF_001434785.1, s__Lactobacillus_G namurensis, 95.0, 79.29, 0.28; GCF_001434835.1, s__Lactobacillus_G acidifarinae, 95.0, 79.29, 0.32; GCF_001311075.1, s__Lactobacillus_G similis, 95.0, 79.28, 0.12; GCF_001435975.1, s__Lactobacillus_G collinoides, 95.0, 78.71, 0.11; GCF_001311135.1, s__Lactobacillus_G paracollinoides, 95.0, 78.53, 0.12; GCF_002217925.1, s__Lactobacillus_G mixtipabuli, 95.0, 78.34, 0.11; GCF_002217945.1, s__Lactobacillus_G silagei, 95.0, 78.24, 0.1; GCA_001311745.1, s__Lactobacillus_G kefiri, 95.0, 78.17, 0.07; GCF_002157585.1, s__Lactobacillus_G parakefiri, 95.0, 78.15, 0.07; GCF_003124125.1, s__Lactobacillus_G bambusae, 95.0, 78.11, 0.09; GCF_002583405.1, s__Lactobacillus_G silagincola, 95.0, 77.99, 0.11; GCF_001433995.1, s__Lactobacillus_G kimchicus, 95.0, 77.74, 0.09; GCF_001434895.1, s__Lactobacillus_G odoratitofui, 95.0, 77.69, 0.09; GCF_001436555.1, s__Lactobacillus_G senioris, 95.0, 77.66, 0.1; GCF_001436395.1, s__Lactobacillus_G malefermentans, 95.0, 77.62, 0.08; GCF_002217985.1, s__Lactobacillus_G pentosiphilus, 95.0, 77.45, 0.09	94.7	11	N/A	N/A
mcfa48-bins-bin.25	d__Bacteria;p__Firmicutes;c__Bacilli;o__Lactobacillales;f__Lactobacillaceae;g__Lactobacillus_G;s__Lactobacillus_G silagincola	GCF_002583405.1	95.0	d__Bacteria;p__Firmicutes;c__Bacilli;o__Lactobacillales;f__Lactobacillaceae;g__Lactobacillus_G;s__Lactobacillus_G silagincola	97.5	0.89	GCF_002583405.1	d__Bacteria;p__Firmicutes;c__Bacilli;o__Lactobacillales;f__Lactobacillaceae;g__Lactobacillus_G;s__Lactobacillus_G silagincola	97.5	0.89	d__Bacteria;p__Firmicutes;c__Bacilli;o__Lactobacillales;f__Lactobacillaceae;g__Lactobacillus_G;s__	ANI/Placement	topological placement and ANI have congruent species assignments	GCF_002217925.1, s__Lactobacillus_G mixtipabuli, 95.0, 82.68, 0.58; GCF_002217985.1, s__Lactobacillus_G pentosiphilus, 95.0, 82.15, 0.54; GCF_002217945.1, s__Lactobacillus_G silagei, 95.0, 81.41, 0.54; GCF_001434895.1, s__Lactobacillus_G odoratitofui, 95.0, 79.47, 0.29; GCF_001435975.1, s__Lactobacillus_G collinoides, 95.0, 79.26, 0.21; GCF_001311075.1, s__Lactobacillus_G similis, 95.0, 79.17, 0.26; GCF_001311135.1, s__Lactobacillus_G paracollinoides, 95.0, 79.0, 0.22; GCF_001434055.1, s__Lactobacillus_G parabrevis, 95.0, 78.5, 0.07; GCF_000740055.1, s__Lactobacillus_G oryzae, 95.0, 78.27, 0.13; GCF_001433995.1, s__Lactobacillus_G kimchicus, 95.0, 78.1, 0.12; GCF_000785105.2, s__Lactobacillus_G curieae, 95.0, 77.86, 0.07; GCF_001435525.1, s__Lactobacillus_G koreensis, 95.0, 77.86, 0.08; GCF_001434395.1, s__Lactobacillus_G hammesii, 95.0, 77.72, 0.08; GCF_001434785.1, s__Lactobacillus_G namurensis, 95.0, 77.71, 0.07; GCF_001436555.1, s__Lactobacillus_G senioris, 95.0, 77.68, 0.1; GCF_001436395.1, s__Lactobacillus_G malefermentans, 95.0, 77.68, 0.11; GCA_001311745.1, s__Lactobacillus_G kefiri, 95.0, 77.67, 0.08; GCF_001434115.1, s__Lactobacillus_G zymae, 95.0, 77.61, 0.06; GCF_001433855.1, s__Lactobacillus_G brevis, 95.0, 77.56, 0.08; GCF_001434145.1, s__Lactobacillus_G otakiensis, 95.0, 77.54, 0.07; GCF_001435095.1, s__Lactobacillus_G spicheri, 95.0, 77.54, 0.06; GCF_001436255.1, s__Lactobacillus_G rapi, 95.0, 77.43, 0.08; GCF_002157585.1, s__Lactobacillus_G parakefiri, 95.0, 77.42, 0.08; GCF_001435575.1, s__Lactobacillus_G sunkii, 95.0, 77.4, 0.07; GCF_001437125.1, s__Lactobacillus_G paucivorans, 95.0, 77.37, 0.07; GCF_001434735.1, s__Lactobacillus_G buchneri, 95.0, 77.04, 0.08; GCA_001311425.1, s__Lactobacillus_G kisonensis, 95.0, 76.92, 0.08; GCF_001435895.1, s__Lactobacillus_G parafarraginis, 95.0, 76.66, 0.06; GCF_000583655.1, s__Lactobacillus_G farraginis, 95.0, 76.61, 0.07; GCF_001434255.1, s__Lactobacillus_G diolivorans, 95.0, 76.23, 0.05	82.1	11	N/A	N/A
mcfa02-bins-bin.55	d__Bacteria;p__Firmicutes;c__Bacilli;o__Erysipelotrichales;f__Erysipelotrichaceae;g__Solobacterium;s__Solobacterium timonensis	GCF_900240265.1	95.0	d__Bacteria;p__Firmicutes;c__Bacilli;o__Erysipelotrichales;f__Erysipelotrichaceae;g__Solobacterium;s__Solobacterium timonensis	97.95	0.85	GCF_900240265.1	d__Bacteria;p__Firmicutes;c__Bacilli;o__Erysipelotrichales;f__Erysipelotrichaceae;g__Solobacterium;s__Solobacterium timonensis	97.95	0.85	d__Bacteria;p__Firmicutes;c__Bacilli;o__Erysipelotrichales;f__Erysipelotrichaceae;g__Solobacterium;s__	ANI/Placement	topological placement and ANI have congruent species assignments	GCF_900290205.1, s__Solobacterium sp900290205, 95.0, 79.4, 0.24; GCA_900314905.1, s__Solobacterium sp900314905, 95.0, 78.15, 0.18; GCA_900314345.1, s__Solobacterium sp900314345, 95.0, 78.12, 0.12; GCF_900343155.1, s__Solobacterium sp900343155, 95.0, 77.87, 0.11; GCA_900315065.1, s__Solobacterium sp900315065, 95.0, 77.41, 0.08	91.85	11	N/A	N/A
mcfa96-bins-bin.18	d__Bacteria;p__Firmicutes_A;c__Clostridia;o__Lachnospirales;f__Lachnospiraceae;g__UBA2727;s__	N/A	N/A	N/A	N/A	N/A	GCA_900316165.1	d__Bacteria;p__Firmicutes_A;c__Clostridia;o__Lachnospirales;f__Lachnospiraceae;g__UBA2727;s__UBA2727 sp900316165	80.97	0.45	d__Bacteria;p__Firmicutes_A;c__Clostridia;o__Lachnospirales;f__Lachnospiraceae;g__UBA2727;s__	Placement	taxonomic classification fully defined by topology	GCA_900317825.1, s__UBA2727 sp900317825, 95.0, 79.79, 0.47; GCA_900315505.1, s__UBA2727 sp900315505, 95.0, 78.89, 0.27; GCA_002480925.1, s__UBA2727 sp002480925, 95.0, 78.01, 0.21	97.66	11	0.988451144725	Genome has more than 17.5% of markers with multiple hits
mcfa120-bins-bin.10	d__Bacteria;p__Firmicutes_A;c__Clostridia;o__Lachnospirales;f__Lachnospiraceae;g__UBA2727;s__	N/A	N/A	N/A	N/A	N/A	GCA_900316165.1	d__Bacteria;p__Firmicutes_A;c__Clostridia;o__Lachnospirales;f__Lachnospiraceae;g__UBA2727;s__UBA2727 sp900316165	80.71	0.46	d__Bacteria;p__Firmicutes_A;c__Clostridia;o__Lachnospirales;f__Lachnospiraceae;g__UBA2727;s__	Placement	taxonomic classification fully defined by topology	GCA_900317825.1, s__UBA2727 sp900317825, 95.0, 79.59, 0.42; GCA_900315505.1, s__UBA2727 sp900315505, 95.0, 78.78, 0.24; GCA_002480925.1, s__UBA2727 sp002480925, 95.0, 77.99, 0.2	89.7	11	0.988241100988	N/A
mcfa84-bins-bin.16	d__Bacteria;p__Firmicutes_A;c__Clostridia;o__Lachnospirales;f__Lachnospiraceae;g__UBA2727;s__	N/A	N/A	N/A	N/A	N/A	GCA_900316165.1	d__Bacteria;p__Firmicutes_A;c__Clostridia;o__Lachnospirales;f__Lachnospiraceae;g__UBA2727;s__UBA2727 sp900316165	80.78	0.52	d__Bacteria;p__Firmicutes_A;c__Clostridia;o__Lachnospirales;f__Lachnospiraceae;g__UBA2727;s__	Placement	taxonomic classification fully defined by topology	GCA_900317825.1, s__UBA2727 sp900317825, 95.0, 79.66, 0.48; GCA_900315505.1, s__UBA2727 sp900315505, 95.0, 78.77, 0.29; GCA_002480925.1, s__UBA2727 sp002480925, 95.0, 77.98, 0.21	86.11	11	0.988219189069	N/A
mcfa48-bins-bin.1	d__Bacteria;p__Firmicutes_A;c__Clostridia;o__Lachnospirales;f__Lachnospiraceae;g__UBA2727;s__	N/A	N/A	N/A	N/A	N/A	GCA_900316165.1	d__Bacteria;p__Firmicutes_A;c__Clostridia;o__Lachnospirales;f__Lachnospiraceae;g__UBA2727;s__UBA2727 sp900316165	80.67	0.47	d__Bacteria;p__Firmicutes_A;c__Clostridia;o__Lachnospirales;f__Lachnospiraceae;g__UBA2727;s__	Placement	taxonomic classification fully defined by topology	GCA_900317825.1, s__UBA2727 sp900317825, 95.0, 79.78, 0.43; GCA_900315505.1, s__UBA2727 sp900315505, 95.0, 78.71, 0.25; GCA_002480925.1, s__UBA2727 sp002480925, 95.0, 77.93, 0.19	75.42	11	0.987598681478	N/A
mcfa02-bins-bin.70	d__Bacteria;p__Firmicutes_A;c__Clostridia;o__Lachnospirales;f__Lachnospiraceae;g__Eubacterium_H;s__	N/A	N/A	N/A	N/A	N/A	GCA_900318405.1	d__Bacteria;p__Firmicutes_A;c__Clostridia;o__Lachnospirales;f__Lachnospiraceae;g__Eubacterium_H;s__Eubacterium_H sp900318405	83.79	0.74	d__Bacteria;p__Firmicutes_A;c__Clostridia;o__Lachnospirales;f__Lachnospiraceae;g__Eubacterium_H;s__	Placement	taxonomic classification fully defined by topology	GCA_900319355.1, s__Eubacterium_H sp900319355, 95.0, 79.03, 0.4; GCF_000183525.2, s__Eubacterium_H cellulosolvens, 95.0, 77.32, 0.14; GCA_002394235.1, s__Eubacterium_H sp002394235, 95.0, 77.28, 0.16; GCA_900314295.1, s__Eubacterium_H sp900314295, 95.0, 76.88, 0.16; GCF_000621585.1, s__Eubacterium_H cellulosolvens_A, 95.0, 76.87, 0.17; GCA_900317175.1, s__Eubacterium_H sp900317175, 95.0, 76.82, 0.13; GCA_900318755.1, s__Eubacterium_H sp900318755, 95.0, 76.6, 0.1; GCA_002368795.1, s__Eubacterium_H sp002368795, 95.0, 76.41, 0.1	87.68	11	0.992388381876	N/A
mcfa48-bins-bin.14	d__Bacteria;p__Firmicutes_A;c__Clostridia;o__Lachnospirales;f__Lachnospiraceae;g__UBA1066;s__	N/A	N/A	N/A	N/A	N/A	N/A	N/A	N/A	N/A	d__Bacteria;p__Firmicutes_A;c__Clostridia;o__Lachnospirales;f__Lachnospiraceae;g__UBA1066;s__	Placement	taxonomic classification fully defined by topology	GCA_900315305.1, s__UBA1066 sp900315305, 95.0, 94.05, 0.75; GCA_900320615.1, s__UBA1066 sp900320615, 95.0, 87.88, 0.73; GCA_900314565.1, s__UBA1066 sp900314565, 95.0, 77.75, 0.12; GCA_002350625.1, s__UBA1066 sp002350625, 95.0, 77.6, 0.12; GCA_900317515.1, s__UBA1066 sp900317515, 95.0, 77.54, 0.12; GCA_900313955.1, s__UBA1066 sp900313955, 95.0, 77.51, 0.13; GCA_900317045.1, s__UBA1066 sp900317045, 95.0, 77.31, 0.18; GCA_900320575.1, s__UBA1066 sp900320575, 95.0, 77.23, 0.15; GCA_900319795.1, s__UBA1066 sp900319795, 95.0, 77.09, 0.09; GCA_002371465.1, s__UBA1066 sp002371465, 95.0, 76.95, 0.12; GCA_002369495.1, s__UBA1066 sp002369495, 95.0, 76.79, 0.1	81.87	11	0.991462390222	N/A
mcfa48-bins-bin.23	d__Bacteria;p__Firmicutes_A;c__Clostridia;o__Peptostreptococcales;f__Anaerovoracaceae;g__Eubacterium_A;s__	N/A	N/A	N/A	N/A	N/A	GCF_900102225.1	d__Bacteria;p__Firmicutes_A;c__Clostridia;o__Peptostreptococcales;f__Anaerovoracaceae;g__Eubacterium_A;s__Eubacterium_A pyruvativorans	77.27	0.15	d__Bacteria;p__Firmicutes_A;c__Clostridia;o__Peptostreptococcales;f__Anaerovoracaceae;g__Eubacterium_A;s__	Placement	taxonomic classification fully defined by topology	GCF_001940235.1, s__Eubacterium_A sp001940235, 95.0, 76.75, 0.08; GCA_900315125.1, s__Eubacterium_A sp900315125, 95.0, 76.74, 0.08	91.17	11	0.93670852631	N/A
mcfa02-bins-bin.104	d__Bacteria;p__Firmicutes_C;c__Negativicutes;o__Acidaminococcales;f__Acidaminococcaceae;g__;s__	N/A	N/A	N/A	N/A	N/A	N/A	N/A	N/A	N/A	d__Bacteria;p__Firmicutes_C;c__Negativicutes;o__Acidaminococcales;f__Acidaminococcaceae;g__;s__	Placement	taxonomic novelty determined using RED	N/A	95.38	11	0.81343691683	N/A
mcfa02-bins-bin.35	d__Bacteria;p__Firmicutes_C;c__Negativicutes;o__Acidaminococcales;f__Acidaminococcaceae;g__Acidaminococcus;s__	N/A	N/A	N/A	N/A	N/A	GCF_900106585.1	d__Bacteria;p__Firmicutes_C;c__Negativicutes;o__Acidaminococcales;f__Acidaminococcaceae;g__Acidaminococcus;s__Acidaminococcus timonensis	89.7	0.82	d__Bacteria;p__Firmicutes_C;c__Negativicutes;o__Acidaminococcales;f__Acidaminococcaceae;g__Acidaminococcus;s__	Placement	taxonomic classification fully defined by topology	GCA_000437815.1, s__Acidaminococcus sp000437815, 95.0, 86.1, 0.66; GCF_000025305.1, s__Acidaminococcus fermentans, 95.0, 85.73, 0.75; GCF_900095825.1, s__Acidaminococcus massiliensis, 95.0, 83.59, 0.71; GCF_900291475.1, s__Acidaminococcus sp900291475, 95.0, 80.9, 0.53; GCA_900314165.1, s__Acidaminococcus sp900314165, 95.0, 79.77, 0.46; GCF_000425045.1, s__Acidaminococcus intestini, 95.0, 79.06, 0.18; GCA_900315205.1, s__Acidaminococcus sp900315205, 95.0, 78.45, 0.34	66.87	11	0.980630261	Genome has more than 10.8% of markers with multiple hits
mcfa120-bins-bin.18	d__Bacteria;p__Firmicutes;c__Bacilli;o__Lactobacillales;f__Lactobacillaceae;g__Lactobacillus;s__	N/A	N/A	N/A	N/A	N/A	GCF_001433875.1	d__Bacteria;p__Firmicutes;c__Bacilli;o__Lactobacillales;f__Lactobacillaceae;g__Lactobacillus;s__Lactobacillus delbrueckii	94.45	0.88	d__Bacteria;p__Firmicutes;c__Bacilli;o__Lactobacillales;f__Lactobacillaceae;g__Lactobacillus;s__	Placement	taxonomic classification fully defined by topology	GCA_900088455.1, s__Lactobacillus delbrueckii_A, 95.0, 83.19, 0.67; GCA_001311765.1, s__Lactobacillus equicursoris, 95.0, 82.64, 0.63; GCF_002706375.1, s__Lactobacillus amylovorus, 95.0, 78.64, 0.12; GCF_000615285.1, s__Lactobacillus kitasatonis, 95.0, 78.45, 0.12; GCF_000160855.1, s__Lactobacillus helveticus, 95.0, 78.45, 0.1; GCF_002088015.1, s__Lactobacillus crispatus, 95.0, 78.42, 0.09; GCF_002911475.1, s__Lactobacillus sp002911475, 95.0, 78.4, 0.09; GCF_000297025.1, s__Lactobacillus pasteurii, 95.0, 78.32, 0.11; GCF_000614735.1, s__Lactobacillus gallinarum, 95.0, 78.31, 0.11; GCF_000615445.1, s__Lactobacillus hamsteri, 95.0, 78.31, 0.09; GCF_001591845.1, s__Lactobacillus acidophilus, 95.0, 78.23, 0.08; GCF_900103655.1, s__Lactobacillus kefiranofaciens, 95.0, 78.03, 0.1; GCF_001434335.1, s__Lactobacillus kalixensis, 95.0, 78.01, 0.09; GCF_001436305.1, s__Lactobacillus ultunensis, 95.0, 77.83, 0.09	96.79	11	0.996839428402	N/A
mcfa96-bins-bin.16	d__Bacteria;p__Firmicutes;c__Bacilli;o__Lactobacillales;f__Lactobacillaceae;g__Lactobacillus;s__	N/A	N/A	N/A	N/A	N/A	GCF_001433875.1	d__Bacteria;p__Firmicutes;c__Bacilli;o__Lactobacillales;f__Lactobacillaceae;g__Lactobacillus;s__Lactobacillus delbrueckii	94.45	0.87	d__Bacteria;p__Firmicutes;c__Bacilli;o__Lactobacillales;f__Lactobacillaceae;g__Lactobacillus;s__	Placement	taxonomic classification fully defined by topology	GCA_900088455.1, s__Lactobacillus delbrueckii_A, 95.0, 83.14, 0.66; GCA_001311765.1, s__Lactobacillus equicursoris, 95.0, 82.75, 0.62; GCF_002706375.1, s__Lactobacillus amylovorus, 95.0, 78.63, 0.12; GCF_000615285.1, s__Lactobacillus kitasatonis, 95.0, 78.44, 0.12; GCF_000160855.1, s__Lactobacillus helveticus, 95.0, 78.41, 0.09; GCF_002911475.1, s__Lactobacillus sp002911475, 95.0, 78.33, 0.09; GCF_000615445.1, s__Lactobacillus hamsteri, 95.0, 78.27, 0.09; GCF_001591845.1, s__Lactobacillus acidophilus, 95.0, 78.25, 0.08; GCF_002088015.1, s__Lactobacillus crispatus, 95.0, 78.22, 0.09; GCF_000297025.1, s__Lactobacillus pasteurii, 95.0, 78.16, 0.11; GCF_900103655.1, s__Lactobacillus kefiranofaciens, 95.0, 78.03, 0.1; GCF_000614735.1, s__Lactobacillus gallinarum, 95.0, 77.95, 0.11; GCF_001434335.1, s__Lactobacillus kalixensis, 95.0, 77.8, 0.08; GCF_001436305.1, s__Lactobacillus ultunensis, 95.0, 77.71, 0.09	96.79	11	0.996839428402	N/A
mcfa84-bins-bin.17	d__Bacteria;p__Firmicutes;c__Bacilli;o__Lactobacillales;f__Lactobacillaceae;g__Lactobacillus;s__	N/A	N/A	N/A	N/A	N/A	GCF_001433875.1	d__Bacteria;p__Firmicutes;c__Bacilli;o__Lactobacillales;f__Lactobacillaceae;g__Lactobacillus;s__Lactobacillus delbrueckii	94.45	0.89	d__Bacteria;p__Firmicutes;c__Bacilli;o__Lactobacillales;f__Lactobacillaceae;g__Lactobacillus;s__	Placement	taxonomic classification fully defined by topology	GCA_900088455.1, s__Lactobacillus delbrueckii_A, 95.0, 83.23, 0.68; GCA_001311765.1, s__Lactobacillus equicursoris, 95.0, 82.77, 0.63; GCF_000297025.1, s__Lactobacillus pasteurii, 95.0, 78.88, 0.11; GCF_000160855.1, s__Lactobacillus helveticus, 95.0, 78.6, 0.09; GCF_002088015.1, s__Lactobacillus crispatus, 95.0, 78.4, 0.09; GCF_000615285.1, s__Lactobacillus kitasatonis, 95.0, 78.37, 0.12; GCF_002911475.1, s__Lactobacillus sp002911475, 95.0, 78.36, 0.09; GCF_002706375.1, s__Lactobacillus amylovorus, 95.0, 78.33, 0.11; GCF_001591845.1, s__Lactobacillus acidophilus, 95.0, 78.25, 0.08; GCF_000615445.1, s__Lactobacillus hamsteri, 95.0, 78.15, 0.09; GCF_900103655.1, s__Lactobacillus kefiranofaciens, 95.0, 78.08, 0.1; GCF_000614735.1, s__Lactobacillus gallinarum, 95.0, 77.92, 0.11; GCF_001434335.1, s__Lactobacillus kalixensis, 95.0, 77.81, 0.09; GCF_001436305.1, s__Lactobacillus ultunensis, 95.0, 77.71, 0.09	96.79	11	0.996839428402	N/A
mcfa96-bins-bin.9	d__Bacteria;p__Actinobacteriota;c__Actinobacteria;o__Actinomycetales;f__Bifidobacteriaceae;g__Aeriscardovia;s__	N/A	N/A	N/A	N/A	N/A	GCF_002259595.1	d__Bacteria;p__Actinobacteriota;c__Actinobacteria;o__Actinomycetales;f__Bifidobacteriaceae;g__Aeriscardovia;s__Aeriscardovia aeriphila	77.12	0.11	d__Bacteria;p__Actinobacteriota;c__Actinobacteria;o__Actinomycetales;f__Bifidobacteriaceae;g__;s__	Placement	taxonomic novelty determined using RED	N/A	90.63	11	0.93385680841	N/A
mcfa48-bins-bin.15	d__Bacteria;p__Actinobacteriota;c__Actinobacteria;o__Actinomycetales;f__Bifidobacteriaceae;g__Aeriscardovia;s__	N/A	N/A	N/A	N/A	N/A	GCF_002259595.1	d__Bacteria;p__Actinobacteriota;c__Actinobacteria;o__Actinomycetales;f__Bifidobacteriaceae;g__Aeriscardovia;s__Aeriscardovia aeriphila	77.01	0.12	d__Bacteria;p__Actinobacteriota;c__Actinobacteria;o__Actinomycetales;f__Bifidobacteriaceae;g__;s__	Placement	taxonomic novelty determined using RED	N/A	91.88	11	0.933336926381	N/A
mcfa84-bins-bin.26	d__Bacteria;p__Actinobacteriota;c__Coriobacteriia;o__Coriobacteriales;f__Atopobiaceae;g__UBA7748;s__	N/A	N/A	N/A	N/A	N/A	N/A	N/A	N/A	N/A	d__Bacteria;p__Actinobacteriota;c__Coriobacteriia;o__Coriobacteriales;f__Atopobiaceae;g__;s__	Placement	taxonomic novelty determined using RED	N/A	91.35	11	0.943190177069	N/A
mcfa96-bins-bin.31	d__Bacteria;p__Actinobacteriota;c__Coriobacteriia;o__Coriobacteriales;f__Atopobiaceae;g__UBA7748;s__	N/A	N/A	N/A	N/A	N/A	N/A	N/A	N/A	N/A	d__Bacteria;p__Actinobacteriota;c__Coriobacteriia;o__Coriobacteriales;f__Atopobiaceae;g__;s__	Placement	taxonomic novelty determined using RED	N/A	91.27	11	0.942909742924	N/A
mcfa120-bins-bin.9	d__Bacteria;p__Actinobacteriota;c__Coriobacteriia;o__Coriobacteriales;f__Atopobiaceae;g__UBA7748;s__	N/A	N/A	N/A	N/A	N/A	N/A	N/A	N/A	N/A	d__Bacteria;p__Actinobacteriota;c__Coriobacteriia;o__Coriobacteriales;f__Atopobiaceae;g__;s__	Placement	taxonomic novelty determined using RED	N/A	91.27	11	0.942909742924	N/A
mcfa96-bins-bin.10	d__Bacteria;p__Actinobacteriota;c__Coriobacteriia;o__Coriobacteriales;f__Atopobiaceae;g__UBA7741;s__	N/A	N/A	N/A	N/A	N/A	GCA_900314495.1	d__Bacteria;p__Actinobacteriota;c__Coriobacteriia;o__Coriobacteriales;f__Atopobiaceae;g__UBA7741;s__UBA7741 sp900314495	79.94	0.44	d__Bacteria;p__Actinobacteriota;c__Coriobacteriia;o__Coriobacteriales;f__Atopobiaceae;g__;s__	Placement	taxonomic novelty determined using RED	N/A	81.67	11	0.932353022094	N/A
mcfa84-bins-bin.8	d__Bacteria;p__Actinobacteriota;c__Coriobacteriia;o__Coriobacteriales;f__Atopobiaceae;g__RUG001;s__	N/A	N/A	N/A	N/A	N/A	GCA_900314575.1	d__Bacteria;p__Actinobacteriota;c__Coriobacteriia;o__Coriobacteriales;f__Atopobiaceae;g__RUG001;s__RUG001 sp900314575	79.99	0.39	d__Bacteria;p__Actinobacteriota;c__Coriobacteriia;o__Coriobacteriales;f__Atopobiaceae;g__;s__	Placement	taxonomic novelty determined using RED	N/A	85.18	11	0.932110350833	N/A
mcfa120-bins-bin.6	d__Bacteria;p__Actinobacteriota;c__Coriobacteriia;o__Coriobacteriales;f__Atopobiaceae;g__;s__	N/A	N/A	N/A	N/A	N/A	N/A	N/A	N/A	N/A	d__Bacteria;p__Actinobacteriota;c__Coriobacteriia;o__Coriobacteriales;f__Atopobiaceae;g__;s__	Placement	taxonomic novelty determined using RED	N/A	90.79	11	0.880758982768	N/A
mcfa84-bins-bin.13	d__Bacteria;p__Actinobacteriota;c__Coriobacteriia;o__Coriobacteriales;f__Atopobiaceae;g__;s__	N/A	N/A	N/A	N/A	N/A	N/A	N/A	N/A	N/A	d__Bacteria;p__Actinobacteriota;c__Coriobacteriia;o__Coriobacteriales;f__Atopobiaceae;g__;s__	Placement	taxonomic novelty determined using RED	N/A	95.02	11	0.880644477455	N/A
mcfa96-bins-bin.29	d__Bacteria;p__Actinobacteriota;c__Coriobacteriia;o__Coriobacteriales;f__Atopobiaceae;g__;s__	N/A	N/A	N/A	N/A	N/A	N/A	N/A	N/A	N/A	d__Bacteria;p__Actinobacteriota;c__Coriobacteriia;o__Coriobacteriales;f__Atopobiaceae;g__;s__	Placement	taxonomic novelty determined using RED	N/A	70.83	11	0.88052506477	N/A
mcfa84-bins-bin.19	d__Bacteria;p__Actinobacteriota;c__Coriobacteriia;o__Coriobacteriales;f__Atopobiaceae;g__Olsenella_C;s__	N/A	N/A	N/A	N/A	N/A	GCF_900105025.1	d__Bacteria;p__Actinobacteriota;c__Coriobacteriia;o__Coriobacteriales;f__Atopobiaceae;g__Olsenella_C;s__Olsenella_C umbonata	85.44	0.67	d__Bacteria;p__Actinobacteriota;c__Coriobacteriia;o__Coriobacteriales;f__Atopobiaceae;g__Olsenella_C;s__	Placement	taxonomic classification fully defined by topology	GCA_900313175.1, s__Olsenella_C sp900313175, 95.0, 82.47, 0.56; GCF_900111255.1, s__Olsenella_C umbonata_A, 95.0, 80.72, 0.47	94.86	11	0.957735201066	N/A
mcfa48-bins-bin.2	d__Bacteria;p__Actinobacteriota;c__Coriobacteriia;o__Coriobacteriales;f__Atopobiaceae;g__Olsenella_C;s__	N/A	N/A	N/A	N/A	N/A	GCF_900105025.1	d__Bacteria;p__Actinobacteriota;c__Coriobacteriia;o__Coriobacteriales;f__Atopobiaceae;g__Olsenella_C;s__Olsenella_C umbonata	85.1	0.74	d__Bacteria;p__Actinobacteriota;c__Coriobacteriia;o__Coriobacteriales;f__Atopobiaceae;g__Olsenella_C;s__	Placement	taxonomic classification fully defined by topology	GCA_900313175.1, s__Olsenella_C sp900313175, 95.0, 82.48, 0.49; GCF_900111255.1, s__Olsenella_C umbonata_A, 95.0, 80.75, 0.43	85.6	11	0.956835823074	N/A
mcfa120-bins-bin.3	d__Bacteria;p__Actinobacteriota;c__Coriobacteriia;o__Coriobacteriales;f__Atopobiaceae;g__Olsenella_C;s__	N/A	N/A	N/A	N/A	N/A	GCF_900105025.1	d__Bacteria;p__Actinobacteriota;c__Coriobacteriia;o__Coriobacteriales;f__Atopobiaceae;g__Olsenella_C;s__Olsenella_C umbonata	84.97	0.76	d__Bacteria;p__Actinobacteriota;c__Coriobacteriia;o__Coriobacteriales;f__Atopobiaceae;g__Olsenella_C;s__	Placement	taxonomic classification fully defined by topology	GCA_900313175.1, s__Olsenella_C sp900313175, 95.0, 82.2, 0.48; GCF_900111255.1, s__Olsenella_C umbonata_A, 95.0, 80.72, 0.46	82.68	11	0.956810864724	N/A
mcfa96-bins-bin.27	d__Bacteria;p__Actinobacteriota;c__Coriobacteriia;o__Coriobacteriales;f__Atopobiaceae;g__Olsenella_C;s__	N/A	N/A	N/A	N/A	N/A	GCF_900105025.1	d__Bacteria;p__Actinobacteriota;c__Coriobacteriia;o__Coriobacteriales;f__Atopobiaceae;g__Olsenella_C;s__Olsenella_C umbonata	85.27	0.75	d__Bacteria;p__Actinobacteriota;c__Coriobacteriia;o__Coriobacteriales;f__Atopobiaceae;g__Olsenella_C;s__	Placement	taxonomic classification fully defined by topology	GCA_900313175.1, s__Olsenella_C sp900313175, 95.0, 82.65, 0.47; GCF_900111255.1, s__Olsenella_C umbonata_A, 95.0, 80.93, 0.44	81.81	11	0.952831644624	N/A
mcfa02-bins-bin.47	d__Bacteria;p__Spirochaetota;c__Spirochaetia;o__Sphaerochaetales;f__Sphaerochaetaceae;g__RUG023;s__	N/A	N/A	N/A	N/A	N/A	GCA_900315435.1	d__Bacteria;p__Spirochaetota;c__Spirochaetia;o__Sphaerochaetales;f__Sphaerochaetaceae;g__RUG023;s__RUG023 sp900315435	77.25	0.17	d__Bacteria;p__Spirochaetota;c__Spirochaetia;o__Sphaerochaetales;f__Sphaerochaetaceae;g__;s__	Placement	taxonomic novelty determined using RED	N/A	79.48	11	0.888864195327	N/A
mcfa02-bins-bin.34	d__Bacteria;p__Bacteroidota;c__Bacteroidia;o__Bacteroidales;f__Bacteroidaceae;g__Prevotella;s__	N/A	N/A	N/A	N/A	N/A	GCA_002353825.1	d__Bacteria;p__Bacteroidota;c__Bacteroidia;o__Bacteroidales;f__Bacteroidaceae;g__Prevotella;s__Prevotella sp002353825	88.11	0.72	d__Bacteria;p__Bacteroidota;c__Bacteroidia;o__Bacteroidales;f__Bacteroidaceae;g__Prevotella;s__	Placement	taxonomic classification fully defined by topology	GCA_900315955.1, s__Prevotella sp900315955, 95.0, 84.2, 0.53; GCF_000218235.1, s__Prevotella multisaccharivorax, 95.0, 79.47, 0.32; GCA_900315835.1, s__Prevotella sp900315835, 95.0, 79.09, 0.29; GCA_002437565.1, s__Prevotella sp002437565, 95.0, 78.74, 0.31; GCA_900317685.1, s__Prevotella sp900317685, 95.0, 78.64, 0.25; GCA_002299635.1, s__Prevotella sp002299635, 95.0, 78.6, 0.35; GCF_000424185.1, s__Prevotella sp000424185, 95.0, 78.33, 0.24; GCA_900319905.1, s__Prevotella sp900319905, 95.0, 78.31, 0.26; GCA_002350355.1, s__Prevotella sp002350355, 95.0, 78.12, 0.21; GCA_002481295.1, s__Prevotella sp002481295, 95.0, 78.02, 0.25; GCA_900322095.1, s__Prevotella sp900322095, 95.0, 77.66, 0.15; GCA_000431975.1, s__Prevotella sp000431975, 95.0, 77.59, 0.19; GCA_002300055.1, s__Prevotella sp002300055, 95.0, 77.54, 0.19; GCA_002437285.1, s__Prevotella sp002437285, 95.0, 77.5, 0.17; GCA_900322035.1, s__Prevotella sp900322035, 95.0, 77.43, 0.11; GCA_900316565.1, s__Prevotella sp900316565, 95.0, 77.38, 0.15; GCF_001262015.1, s__Prevotella fusca, 95.0, 77.14, 0.08; GCA_900315635.1, s__Prevotella sp900315635, 95.0, 77.1, 0.14; GCF_002251385.1, s__Prevotella sp002251385, 95.0, 77.06, 0.1; GCF_000157935.1, s__Prevotella copri, 95.0, 77.05, 0.11; GCA_002437115.1, s__Prevotella sp002437115, 95.0, 77.04, 0.13; GCA_002317385.1, s__Prevotella sp002317385, 95.0, 77.02, 0.13; GCF_900187995.1, s__Prevotella jejuni, 95.0, 76.97, 0.07; GCA_900314945.1, s__Prevotella sp900314945, 95.0, 76.96, 0.16; GCF_000144405.1, s__Prevotella melaninogenica, 95.0, 76.95, 0.05; GCA_002439605.1, s__Prevotella sp002439605, 95.0, 76.94, 0.09; GCA_900314365.1, s__Prevotella sp900314365, 95.0, 76.91, 0.1; GCF_002224675.1, s__Prevotella copri_A, 95.0, 76.9, 0.12; GCA_002407775.1, s__Prevotella sp002407775, 95.0, 76.87, 0.06; GCF_001552765.1, s__Prevotella sp001552765, 95.0, 76.85, 0.06; GCA_900316015.1, s__Prevotella sp900316015, 95.0, 76.85, 0.06; GCF_900079775.1, s__Prevotella lascolaii, 95.0, 76.82, 0.06; GCF_003043925.1, s__Prevotella sp003043925, 95.0, 76.81, 0.06; GCF_001683355.1, s__Prevotella scopos, 95.0, 76.8, 0.05; GCF_000184945.1, s__Prevotella buccae, 95.0, 76.78, 0.1; GCA_900318855.1, s__Prevotella sp900318855, 95.0, 76.77, 0.09; GCF_002265625.1, s__Prevotella sp002265625, 95.0, 76.75, 0.11; GCF_000467895.1, s__Prevotella sp000467895, 95.0, 76.75, 0.06; GCF_900199655.1, s__Prevotella sp900199655, 95.0, 76.74, 0.08; GCA_900314455.1, s__Prevotella sp900314455, 95.0, 76.7, 0.13; GCA_002451555.1, s__Prevotella sp002451555, 95.0, 76.7, 0.1; GCF_003043945.1, s__Prevotella sp003043945, 95.0, 76.64, 0.07; GCF_000426565.1, s__Prevotella albensis, 95.0, 76.64, 0.06; GCF_000613505.1, s__Prevotella oris, 95.0, 76.64, 0.05; GCA_002440225.1, s__Prevotella sp002440225, 95.0, 76.64, 0.1; GCA_900314195.1, s__Prevotella sp900314195, 95.0, 76.61, 0.08; GCA_900313215.1, s__Prevotella sp900313215, 95.0, 76.61, 0.12; GCF_000160535.1, s__Prevotella bergensis, 95.0, 76.6, 0.08; GCF_000191065.1, s__Prevotella multiformis, 95.0, 76.59, 0.1; GCF_900113305.1, s__Prevotella sp900113305, 95.0, 76.58, 0.08; GCA_000436035.1, s__Prevotella sp000436035, 95.0, 76.55, 0.11; GCF_000613585.1, s__Prevotella denticola, 95.0, 76.55, 0.09; GCF_000688375.1, s__Prevotella sp000688375, 95.0, 76.53, 0.05; GCA_003447235.1, s__Prevotella sp003447235, 95.0, 76.53, 0.13; GCF_000518545.1, s__Prevotella seregens, 95.0, 76.52, 0.14; GCF_000614065.1, s__Prevotella dentasini, 95.0, 76.52, 0.07; GCA_002305235.1, s__Prevotella sp002305235, 95.0, 76.52, 0.11; GCF_000426585.1, s__Prevotella baroniae, 95.0, 76.5, 0.09; GCA_000436915.1, s__Prevotella sp000436915, 95.0, 76.42, 0.08; GCF_002251365.1, s__Prevotella sp002251365, 95.0, 76.38, 0.09; GCA_000435635.1, s__Prevotella sp000435635, 95.0, 76.37, 0.07; GCA_002297965.1, s__Prevotella sp002297965, 95.0, 76.31, 0.09; GCA_000434515.1, s__Prevotella sp000434515, 95.0, 76.25, 0.07; GCA_900317545.1, s__Prevotella sp900317545, 95.0, 76.19, 0.08; GCA_002405875.1, s__Prevotella sp002405875, 95.0, 76.08, 0.08; GCF_000382385.1, s__Prevotella maculosa, 95.0, 75.99, 0.06	81.05	11	0.999126020601	N/A
mcfa02-bins-bin.81	d__Bacteria;p__Bacteroidota;c__Bacteroidia;o__Bacteroidales;f__UBA932;g__RC9;s__	N/A	N/A	N/A	N/A	N/A	N/A	N/A	N/A	N/A	d__Bacteria;p__Bacteroidota;c__Bacteroidia;o__Bacteroidales;f__UBA932;g__RC9;s__	Placement	taxonomic classification fully defined by topology	GCA_900316045.1, s__RC9 sp900316045, 95.0, 86.61, 0.73; GCA_002320605.1, s__RC9 sp002320605, 95.0, 86.39, 0.72; GCA_002472565.1, s__RC9 sp002472565, 95.0, 79.46, 0.08; GCA_002297815.1, s__RC9 sp002297815, 95.0, 77.45, 0.11; GCA_000433355.1, s__RC9 sp000433355, 95.0, 77.31, 0.13; GCA_000431015.1, s__RC9 sp000431015, 95.0, 77.3, 0.12; GCA_002439875.1, s__RC9 sp002439875, 95.0, 77.27, 0.11; GCA_002314195.1, s__RC9 sp002314195, 95.0, 77.18, 0.11; GCA_002437305.1, s__RC9 sp002437305, 95.0, 77.14, 0.1; GCA_002438845.1, s__RC9 sp002438845, 95.0, 77.0, 0.13; GCA_900320965.1, s__RC9 sp900320965, 95.0, 76.97, 0.09; GCA_002321335.1, s__RC9 sp002321335, 95.0, 76.84, 0.12; GCA_900320185.1, s__RC9 sp900320185, 95.0, 76.82, 0.07	68.87	11	0.991567617999	N/A
mcfa02-bins-bin.5	d__Bacteria;p__Bacteroidota;c__Bacteroidia;o__Bacteroidales;f__UBA932;g__RC9;s__	N/A	N/A	N/A	N/A	N/A	N/A	N/A	N/A	N/A	d__Bacteria;p__Bacteroidota;c__Bacteroidia;o__Bacteroidales;f__UBA932;g__RC9;s__	Placement	taxonomic classification fully defined by topology	GCA_000432515.1, s__RC9 sp000432515, 95.0, 77.03, 0.08	83.29	11	0.931648392528	N/A
mcfa96-bins-bin.25	d__Bacteria;p__Proteobacteria;c__Alphaproteobacteria;o__Acetobacterales;f__Acetobacteraceae;g__Acetobacter;s__	N/A	N/A	N/A	N/A	N/A	N/A	N/A	N/A	N/A	d__Bacteria;p__Proteobacteria;c__Alphaproteobacteria;o__Acetobacterales;f__Acetobacteraceae;g__Acetobacter;s__	Placement	taxonomic classification fully defined by topology	GCF_000613905.1, s__Acetobacter persici, 95.0, 77.94, 0.14; GCF_001580995.1, s__Acetobacter senegalensis, 95.0, 77.73, 0.14; GCF_000963905.1, s__Acetobacter aceti, 95.0, 77.71, 0.15; GCF_002005445.1, s__Acetobacter aceti_B, 95.0, 77.66, 0.15; GCA_002409645.1, s__Acetobacter sp002409645, 95.0, 77.56, 0.16; GCF_000429165.1, s__Acetobacter nitrogenifigens, 95.0, 77.55, 0.15; GCF_001766235.1, s__Acetobacter ascendens, 95.0, 77.55, 0.08; GCF_001580915.1, s__Acetobacter tropicalis, 95.0, 77.43, 0.13; GCF_001580615.1, s__Acetobacter malorum, 95.0, 77.33, 0.12; GCF_001628715.1, s__Acetobacter oryzifermentans, 95.0, 77.29, 0.09; GCF_000613285.1, s__Acetobacter papayae, 95.0, 77.19, 0.11; GCF_002276555.1, s__Acetobacter fabarum, 95.0, 77.16, 0.1; GCF_000963945.1, s__Acetobacter indonesiensis, 95.0, 77.14, 0.1; GCF_000285275.1, s__Acetobacter pasteurianus, 95.0, 77.13, 0.09; GCF_000613865.1, s__Acetobacter okinawensis, 95.0, 77.09, 0.09; GCF_001580535.1, s__Acetobacter cerevisiae, 95.0, 77.09, 0.12; GCF_002153605.1, s__Acetobacter malorum_A, 95.0, 77.06, 0.12; GCF_001183745.1, s__Acetobacter pasteurianus_B, 95.0, 77.04, 0.08; GCF_002153485.1, s__Acetobacter sp002153485, 95.0, 76.98, 0.06; GCF_001581005.1, s__Acetobacter orleanensis, 95.0, 76.98, 0.13; GCF_002738225.1, s__Acetobacter pomorum, 95.0, 76.95, 0.09; GCF_001499675.1, s__Acetobacter ghanensis, 95.0, 76.95, 0.09; GCF_000964225.1, s__Acetobacter syzygii, 95.0, 76.83, 0.08; GCF_002153745.1, s__Acetobacter sp002153745, 95.0, 76.83, 0.09; GCF_000963965.1, s__Acetobacter orientalis, 95.0, 76.64, 0.06; GCF_000963925.1, s__Acetobacter cibinongensis, 95.0, 76.54, 0.09; GCF_002153655.1, s__Acetobacter okinawensis_A, 95.0, 76.49, 0.09	97.52	11	0.931415293792	N/A
mcfa48-bins-bin.22	d__Bacteria;p__Proteobacteria;c__Alphaproteobacteria;o__Acetobacterales;f__Acetobacteraceae;g__Acetobacter;s__	N/A	N/A	N/A	N/A	N/A	N/A	N/A	N/A	N/A	d__Bacteria;p__Proteobacteria;c__Alphaproteobacteria;o__Acetobacterales;f__Acetobacteraceae;g__Acetobacter;s__	Placement	taxonomic classification fully defined by topology	GCF_001580995.1, s__Acetobacter senegalensis, 95.0, 78.32, 0.14; GCF_001766235.1, s__Acetobacter ascendens, 95.0, 78.25, 0.09; GCF_000613905.1, s__Acetobacter persici, 95.0, 78.02, 0.14; GCF_000613285.1, s__Acetobacter papayae, 95.0, 77.89, 0.11; GCF_002153605.1, s__Acetobacter malorum_A, 95.0, 77.79, 0.12; GCF_000963945.1, s__Acetobacter indonesiensis, 95.0, 77.74, 0.1; GCF_001628715.1, s__Acetobacter oryzifermentans, 95.0, 77.73, 0.09; GCF_000429165.1, s__Acetobacter nitrogenifigens, 95.0, 77.7, 0.13; GCF_002005445.1, s__Acetobacter aceti_B, 95.0, 77.67, 0.15; GCF_000963905.1, s__Acetobacter aceti, 95.0, 77.66, 0.15; GCF_001580915.1, s__Acetobacter tropicalis, 95.0, 77.65, 0.12; GCF_002738225.1, s__Acetobacter pomorum, 95.0, 77.57, 0.08; GCF_002276555.1, s__Acetobacter fabarum, 95.0, 77.52, 0.09; GCF_001499675.1, s__Acetobacter ghanensis, 95.0, 77.5, 0.09; GCF_001183745.1, s__Acetobacter pasteurianus_B, 95.0, 77.46, 0.09; GCF_001580615.1, s__Acetobacter malorum, 95.0, 77.44, 0.11; GCF_001580535.1, s__Acetobacter cerevisiae, 95.0, 77.36, 0.12; GCF_000963925.1, s__Acetobacter cibinongensis, 95.0, 77.35, 0.09; GCA_002409645.1, s__Acetobacter sp002409645, 95.0, 77.34, 0.15; GCF_000613865.1, s__Acetobacter okinawensis, 95.0, 77.33, 0.09; GCF_000964225.1, s__Acetobacter syzygii, 95.0, 77.24, 0.08; GCF_000285275.1, s__Acetobacter pasteurianus, 95.0, 77.16, 0.09; GCF_001581005.1, s__Acetobacter orleanensis, 95.0, 77.04, 0.12; GCF_002153745.1, s__Acetobacter sp002153745, 95.0, 76.98, 0.09; GCF_002153485.1, s__Acetobacter sp002153485, 95.0, 76.86, 0.07; GCF_000963965.1, s__Acetobacter orientalis, 95.0, 76.79, 0.06; GCF_002153655.1, s__Acetobacter okinawensis_A, 95.0, 76.65, 0.09	98.17	11	0.931407952467	N/A
